palabra,n
mls,2659
santa,880
amoblado,814
naranjos,671
lomas,656
urb,609
yf,605
valle,577
arriba,561
ubicado,556
hermoso,514
castellana,484
alquilo,453
acogedor,441
vista,436
remodelado,434
cod,396
tahona,372
equipado,327
amplio,302
m2,293
espectacular,283
cómodo,268
eduvigis,259
cafetal,254
alameda,253
chorros,251
samanes,250
rah,247
norte,243
boyera,236
marin,231
sol,229
exclusivo,227
moderno,222
lagunita,220
fe,208
ph,203
florida,198
escampadero,197
solar,191
totalmente,190
terrazas,188
avila,187
ávila,185
chuao,184
san,178
club,175
comodo,175
ubicación,166
oportunidad,165
venta,164
impecable,162
sebucan,159
maría,158
dos,157
pastrán,156
josmary,155
mg,155
sanjuan,155
rosa,150
habitaciones,147
lima,147
urbina,145
barbara,144
yg,141
lujo,140
pozo,137
presenta,135
ac,132
baños,132
agua,130
duplex,130
estrenar,129
solo,128
caminos,127
penthouse,126
zona,125
vigilancia,124
cigarral,123
bernardino,118
terraza,114
carmen,112
medina,112
ofrece,112
cliente,111
andreina,110
castro,110
confort,110
cv,109
directo,109
jg,109
2b,108
calle,108
listo,108
campo,107
3h,106
alvarez,105
humboldt,105
piscina,105
puestos,104
tipo,104
jr,103
edificio,102
k.f,102
ideal,101
encantado,98
estacionamiento,98
ng,97
cerca,95
anexo,94
macaracuay,94
marques,94
actualizado,93
negociable,93
cocina,92
country,92
hab,91
sur,91
estupendo,90
ls,90
urbanización,90
ft,89
manzanares,89
nobrega,87
distrito,85
paula,85
at26,84
cerrada,84
elena,83
mls26,83
amc,82
yanira,82
seguridad,81
s,80
sebucán,80
boleita,78
habitación,78
jessel,78
baño,77
gc,76
monica,76
sc,76
rd,75
c.h,74
dúplex,74
metropolitano,73
house,72
mp,72
2h,71
alegre,70
resd,70
vi,70
2p,69
metros,69
cód,67
ijp,67
jm,67
pent,67
alta,66
estudio,66
flex,66
grande,66
lindo,66
puesto,65
chulavista,64
elegante,64
manuel,64
db,63
es26,63
lujoso,63
belkis,61
comodidad,61
completamente,61
mb,61
privilegiada,61
rg,61
rosal,61
espacioso,59
iluminado,59
av,58
baja,58
privada,58
1b,57
guaicay,57
gonzalez,56
paraíso,55
1h,54
hogar,54
planta,54
sabana,54
y.t,54
conjunto,53
d26,53
hermosa,53
pm,53
sq,53
1p,52
carlos,52
ciudad,52
clientes,52
ld,52
niveles,52
3b,51
carla,51
clnas,51
mts,51
privado,51
christian,50
esmeraldas,50
mónica,50
pb,50
semi,50
szotyori,50
california,49
cumbres,49
mc,49
paraiso,49
piso,49
ag,48
curumo,48
ivanna,48
mesetas,48
mjs,48
urbanizacion,48
mr,47
buscas,46
c,46
campitos,46
ejecutivo,46
exclusividad,46
funcional,46
practico,46
2pe,45
as,45
d.j,45
fresco,45
increíble,45
municipio,45
residencial,45
vivir,45
acabados,44
candelaria,44
gn,44
ml,44
mts2,44
parque,44
vive,44
caurimare,43
confortable,43
habitar,43
mv,43
alto,42
csa,42
sm,42
at,41
bosque,41
garcia,41
mejor,41
nuevo,41
panorámica,41
trinidad,40
ubicacion,40
bien,39
dany,39
mollejas,39
aa,38
diseño,38
mirador,38
bb,37
campiña,37
distribución,37
estilo,37
hipico,37
lm,37
magaly,37
caro,36
corazón,36
cs,36
inchausti,36
ana,35
apartamentos,35
blanco,35
embajada,35
marigreys,35
ref,35
rt,35
áreas,35
caobos,34
chaguaramos,34
espacio,34
exclusiva,34
mejores,34
rc,34
1pe,33
ascensor,33
ejecutivos,33
equipada,33
jca,33
palmas,33
prados,33
darlys,32
pareja,32
perez,32
tranquilidad,32
bajo,31
cl,31
ll,31
mas,31
servicio,31
smb,31
ch,30
contáctame,30
mudarse,30
sala,30
ug,30
aire,29
aj,29
centro,29
densidad,29
ely,29
montaña,29
muebles,29
rex,29
servicios,29
toubia,29
americana,28
aranguren,28
edgarys,28
edith,28
fg,28
gran,28
jel,28
maravilloso,28
sociales,28
sv,28
4h,27
ccct,27
hotel,27
marqués,27
miranda,27
pedregal,27
roche,27
vp,27
wm,27
zonas,27
cedeño,26
js,26
lb26,26
ms,26
neyla,26
primera,26
quinta,26
sag,26
ventilado,26
ycl,26
4b,25
clima,25
elsy,25
gusto,25
loft,25
machado,25
oripoto,25
plaza,25
stephany,25
suite,25
tamanaco,25
chacón,24
encantador,24
estratégica,24
iluminación,24
lisbet,24
p,24
parte,24
pv,24
rf,24
ruices,24
ym,24
acceso,23
carlota,23
casa,23
espacios,23
ev,23
gimnasio,23
i,23
increible,23
juan,23
mariela,23
perfecto,23
sánchez,23
total,23
urdaneta,23
yt,23
acondicionado,22
adriana,22
agradable,22
al26,22
alquilar,22
bm,22
constante,22
ip,22
jlrp,22
montalban,22
naomi,22
premium,22
r,22
santana,22
wsz,22
amplia,21
boleíta,21
bonita,21
comedor,21
comercial,21
cuadrados,21
disfruta,21
ines,21
miravila,21
nl,21
seguro,21
sr,21
visitantes,21
yz,21
120m2,20
3p,20
excelentes,20
franklin,20
jaiqueline,20
m,20
marcano,20
np,20
oficina,20
parejas,20
pisos,20
seijas,20
ss,20
yfg,20
ys,20
bella,19
bellísimo,19
cuenta,19
internet,19
mq,19
recreo,19
residencias,19
roman,19
tanque,19
v,19
vida,19
vizcaya,19
bonito,18
combina,18
céntrico,18
df,18
dm,18
habitacion,18
hgk,18
inmueble,18
principal,18
tranquila,18
vs,18
areas,17
buen,17
buscan,17
cf,17
comercios,17
descubre,17
magnifico,17
mt2,17
mtrs2,17
precio,17
refugio,17
todas,17
buena,16
cada,16
cira,16
condominio,16
código,16
empotrada,16
familia,16
frente,16
lld,16
lugar,16
luis,16
luz,16
mdcr,16
natural,16
pd,16
si,16
simancas,16
urbanizaciones,16
wsuarez,16
1e,15
70m2,15
acacias,15
avenida,15
calidad,15
carrero,15
diseñado,15
espera,15
jc,15
ks,15
luminoso,15
persona,15
precioso,15
recién,15
serv,15
union,15
vende,15
yosmil,15
220m2,14
caiza,14
cd,14
centrico,14
destaca,14
disfrutar,14
dmh,14
edificios,14
fácil,14
gallegos,14
hípico,14
indi.v,14
jrz,14
km,14
maletero,14
maria,14
nc,14
pe,14
propio,14
sola,14
tener,14
transporte,14
tres,14
vistas,14
150m2,13
3hab,13
50m2,13
5b,13
60m2,13
además,13
asesores,13
b,13
capital,13
cda,13
cipf,13
distribuido,13
edf,13
ee26,13
eléctrica,13
fm,13
granito,13
ims,13
lt,13
maletas,13
nivel,13
olga,13
pomelos,13
prada,13
prado,13
prestigiosa,13
propiedad,13
residencia,13
sharon,13
tope,13
ue,13
verdes,13
x7q,13
yb,13
24h,12
98m2,12
abstenerse,12
amplitud,12
aquí,12
betancourt,12
cgi,12
comodidades,12
condiciones,12
contactame,12
céntrica,12
da,12
ep,12
francis,12
inmejorable,12
ljah,12
lp,12
luxury,12
magnífico,12
rm,12
sb,12
techados,12
triplex,12
verde,12
zeppieri,12
100m2,11
2hab,11
3.5b,11
58m2,11
a.s,11
amplias,11
amueblado,11
ar,11
balcón,11
civf,11
dc,11
diaz,11
directos,11
electrica,11
exquisito,11
fabuloso,11
ff,11
gustavo,11
mobiliario,11
modernidad,11
mudarte,11
nevera,11
premier,11
privacidad,11
r.o,11
ratzina,11
salón,11
solano,11
suites,11
vbrr,11
yp,11
5h,10
altura,10
amplios,10
antonieta,10
canon,10
central,10
delicias,10
eb,10
elegancia,10
evelyn,10
fr,10
francisco,10
franco,10
full,10
g.s,10
h,10
horas,10
imponente,10
inés,10
jardín,10
local,10
materiales,10
mármol,10
perfil,10
práctico,10
quieres,10
sector,10
tg,10
tranquilo,10
venezuela,10
zm,10
130m2,9
143m2,9
1hab,9
1m,9
1s,9
2.5b,9
200m2,9
2e,9
90m2,9
abierto,9
abm,9
ambientes,9
balcon,9
c.c,9
cct,9
chacaito,9
concepto,9
cr,9
e.n,9
edif,9
em,9
estratégico,9
fjg,9
gym,9
ii,9
iii,9
j,9
kp,9
lavadora,9
majestuoso,9
merw,9
mjr,9
mls25,9
monterrey,9
naranjal,9
oa,9
panoramica,9
parcialmente,9
preciosa,9
román,9
super,9
vg,9
villa,9
área,9
única,9
110m2,8
140m2,8
85m2,8
apt,8
cinta,8
ciudadela,8
cog,8
colina,8
conectividad,8
distribuidos,8
encuentra,8
equilibrio,8
excepcional,8
f,8
funcionalidad,8
golf,8
hh,8
horizonte,8
ic,8
independiente,8
infantil,8
inmobiliarios,8
ir,8
jardin,8
leslie,8
linda,8
mantenido,8
md26,8
mgt,8
np26,8
opción,8
paz,8
practicidad,8
próximo,8
res,8
romulo,8
semiamoblado,8
th,8
tzas,8
unión,8
urbano,8
vestier,8
yyx,8
145m2,7
4p,7
57m2,7
64m2,7
84m2,7
ad,7
apart,7
area,7
blanca,7
cerrado,7
disponible,7
entrar,7
esplendido,7
est,7
estacionamientos,7
estupenda,7
familias,7
fibra,7
fijo,7
floresta,7
fotos,7
haciendas,7
hg,7
hoy,7
imagina,7
incluidos,7
io,7
isabel,7
jdv,7
l,7
l.p,7
lado,7
llegar,7
loma,7
ma,7
mantenimiento,7
mf,7
minimalista,7
mm,7
mun,7
necesitas,7
park,7
parroquia,7
pdl,7
penhouse,7
perfecta,7
pf,7
problemas,7
pérez,7
recien,7
rincón,7
rodeado,7
rp,7
ru,7
sambil,7
situado,7
solteros,7
sp,7
town,7
yq,7
114m2,6
170m2,6
230m2,6
240m2,6
2baños,6
305m2,6
338m2,6
3pe,6
74m2,6
80m2,6
abr,6
alquier,6
anv,6
aqluiler,6
bellas,6
bellisimo,6
canchas,6
características,6
casados,6
cdo,6
ciega,6
colegios,6
crespo,6
data,6
deportivas,6
despertar,6
disfrute,6
doble,6
día,6
ea,6
exclusivas,6
falta,6
fantástico,6
fiesta,6
fiestas,6
fn,6
garita,6
habt,6
jardines,6
lb,6
lesbia,6
lozano,6
lópez,6
mab,6
maravillosa,6
md,6
mdominguez,6
mgbg,6
morales,6
nb,6
nueva,6
parrillera,6
pasos,6
pc,6
plena,6
presidencial,6
público,6
residences,6
ro,6
rómulo,6
seguras,6
ser,6
sorocaima,6
t7m,6
tn,6
torre,6
tranquilas,6
unica,6
valoran,6
xiolimar,6
yj,6
127m2,5
157m2,5
160m2,5
165m2,5
178m2,5
180m2,5
260m2,5
2ptos,5
300m2,5
40m2,5
424mtrs2,5
494m2,5
54m2,5
56m2,5
5p,5
69m2,5
78m2,5
96m2,5
a.v,5
accesible,5
alq,5
alquilamos,5
alquler,5
amenidades,5
amoblada,5
andres,5
aparatamento,5
ba,5
balcòn,5
barutaima,5
br,5
brokers,5
busca,5
cardona,5
cc,5
cerro,5
clte,5
codigo,5
conexión,5
consta,5
consultorio,5
corporativo,5
cuadra,5
cuadras,5
d,5
dan,5
definición,5
dejes,5
deposito,5
descubra,5
diplomáticos,5
dreidy,5
esparcimiento,5
exclusivos,5
extraordinaria,5
fresca,5
frescas,5
fé,5
gsd,5
hause,5
hermosas,5
humbolt,5
industrial,5
jdl,5
kh9,5
lpb,5
media,5
medio,5
mereces,5
minutos,5
montalbán,5
máximo,5
nr,5
partamento,5
pocos,5
portico,5
privilegiadas,5
publico,5
quebrada,5
revista,5
segura,5
semiequipado,5
solicitada,5
supermercados,5
techada,5
techado,5
torres,5
townhouse,5
ubicaciones,5
ubicada,5
united,5
urb.los,5
único,5
101m2,4
105m2,4
108m2,4
115m2,4
116m2,4
118m2,4
128m2,4
129m2,4
137m2,4
143mtrs2,4
1n,4
2s,4
350m2,4
3a,4
45m2,4
65m2,4
67m2,4
89m2,4
ab,4
absoluta,4
ach,4
adm,4
ahora,4
alianza,4
alquile,4
altagracia,4
altos,4
ambiente,4
amoblar,4
apartameno,4
armadas,4
armonía,4
arrendamiento,4
banos,4
bernandino,4
blv,4
boulevard,4
calidez,4
carabobo,4
casco,4
ccs,4
cercanía,4
cita,4
combinación,4
const,4
contemporáneo,4
cómoda,4
dentro,4
departamento,4
distribucion,4
domotizado,4
ds,4
eduviges,4
electrodomésticos,4
embajadas,4
empresas,4
enla,4
entregar,4
ericka,4
esperando,4
estrategica,4
estudiantes,4
excelentemente,4
faldas,4
frescos,4
fuerzas,4
galerías,4
gertrudis,4
ggcd,4
gomez,4
h3,4
hace,4
hacer,4
iluminados,4
in,4
incluido,4
independientes,4
inigualable,4
inmobiliaria,4
integrada,4
inteligente,4
iv,4
jcr,4
je,4
kg,4
l38,4
lg,4
lib,4
linea,4
livy,4
llanito,4
lv,4
mag,4
magnifica,4
marino,4
marmol,4
mascotas,4
máxima,4
naturaleza,4
naturalmente,4
oasis,4
oficinas,4
ofrezco,4
onda,4
pagos,4
palo,4
parquet,4
partir,4
pasar,4
pequeño,4
personas,4
pie,4
placer,4
plantas,4
podrás,4
posee,4
presentamos,4
primer,4
profesionales,4
ramirez,4
remodelada,4
rl,4
ruido,4
sauna,4
secadora,4
seija,4
selene,4
semiamueblado,4
social,4
solución,4
suministro,4
superficie,4
temperada,4
tenis,4
toda,4
tolon,4
top,4
tráfico,4
urbana,4
urbina.t7m,4
vc,4
vendo,4
visitas,4
vm,4
yelixa,4
yr,4
1.100,3
102m2,3
111m2,3
112m2,3
117m2,3
119m2,3
124m2,3
125m2,3
126m2,3
143mt2,3
148m2,3
153m2,3
156m2,3
15m2,3
160mtrs,3
166m2,3
184m2,3
2.800,3
250m2,3
2bañ,3
363m2,3
3e,3
4.5b,3
40mts2,3
550.00,3
62m2,3
66m2,3
68m2,3
6b,3
77m2,3
79m2,3
91m2,3
94m2,3
95m2,3
acepta,3
actualizada,3
adapta,3
ae,3
aguas,3
aires,3
alquiler.apartamento.los,3
alquillo,3
alqula,3
angiee,3
aparatmento,3
aparta,3
apartamentoen,3
apartamneto,3
apartmento,3
apartramento,3
aprovecha,3
arquitectura,3
asesora,3
auyantepuy,3
bancos,3
beatriz,3
buscabas,3
cercano,3
chacon,3
clinas,3
closet,3
clud,3
clásico,3
colegio,3
combine,3
completo,3
completos,3
comunicate,3
conjuntos,3
consulado,3
contacto,3
contrato,3
control,3
còmodo,3
cúspide,3
dama,3
decoración,3
decorado,3
descubrir,3
ejecutiva,3
emblemáticos,3
entorno,3
envidiable,3
esmeralda,3
esplendida,3
estac,3
estategicamente,3
estreno,3
eu,3
experiencia,3
extraordinario,3
fabulosa,3
familiar,3
family,3
franca,3
francesa,3
friendly,3
fuentes,3
fusionan,3
galería,3
garantizada,3
gas,3
gd,3
generación,3
gf,3
grados,3
guacay,3
guayabitos,3
gusta,3
guste,3
habitado,3
hoyer,3
ih6,3
increíbles,3
independencia,3
indicado,3
información,3
inmediata,3
inmediato,3
inmobinter,3
invito,3
jcrp,3
joya,3
juridica,3
juridico,3
jóvenes,3
keiber,3
kigd,3
kitchenette,3
kn,3
lab,3
lleno,3
llevar,3
luminosa,3
línea,3
madera,3
majestuosa,3
marquez,3
mary,3
mañana,3
mcpio,3
mim,3
mismo,3
modernas,3
monoambiente,3
montecristo,3
mrdg,3
mt,3
mucha,3
murano,3
myp,3
médico,3
múltiples,3
nacional,3
nuevos,3
obra,3
ofrecemos,3
og,3
optica,3
optimizar,3
p.e,3
pacheco,3
paisaje,3
panorama,3
parcial,3
pde,3
pdvsa,3
pequeñas,3
pet,3
pierdas,3
pinos,3
porcelanato,3
potencial,3
ppal,3
prestigio,3
privilegio,3
problema,3
puro,3
real,3
reciente,3
rental,3
requerimientos,3
rgn,3
rojas,3
salon,3
sanz,3
sergio,3
solarino,3
stm,3
sueño,3
sótano,3
techos,3
trabajo,3
trae,3
universidad,3
urb.la,3
urb.lomas,3
uribe,3
vanguardia,3
vanguardista,3
vc26,3
ventilación,3
vip,3
wd,3
yennief,3
yy,3
óptica,3
0p,2
"1,5b",2
"1.150,00",2
1.300,2
1.450,2
102m3,2
104m2,2
105m,2
105mts2,2
10m2,2
126mts,2
12953s,2
13941s,2
13945s,2
14065s,2
14100s,2
14129s,2
14192s,2
141m2,2
14425s,2
14666s,2
149mts,2
158119rt,2
17605s,2
17625s,2
177m2,2
183m2,2
185m2,2
186mtrs,2
195m2,2
1bs,2
1hs,2
207m2,2
217m2,2
"225,55",2
225m2,2
22mar,2
245m2,2
260mts2,2
270m2,2
280m2,2
281m2,2
295m2,2
2h2b3p,2
2y1,2
3.000,2
30m2,2
316m2,2
331m2,2
35m2,2
39m2,2
3ba,2
3h2b,2
430m2,2
450m,2
47m2,2
5.5b,2
50.000,2
500m2,2
52m2,2
54.60m2,2
550m2,2
55m2,2
55mts2,2
5cubiculos,2
60m,2
"63,18",2
63m2,2
6p,2
70.83m2,2
70m,2
71m2,2
72m2,2
73m2,2
76m,2
800m2,2
81m2,2
"82,44",2
"82,44mts",2
82.44,2
82m2,2
83.07,2
90mts2,2
"93,61",2
97m,2
97m2,2
a.p,2
abiertos,2
absoluto,2
acabado,2
aceptan,2
acj1,2
acogedora,2
acondicionados,2
af,2
agenda,2
alcance,2
alog,2
alquilarlo,2
alquiler.apartamento.el,2
alquiler.apartamento.lomas,2
alturas,2
alucinante,2
am15,2
amigos,2
amobado,2
amota,2
andrés,2
anexos,2
angeles,2
apaprtamento,2
aparamento,2
apartametno,2
aprox,2
aptos,2
aquiler,2
ariba,2
armonioso,2
artefactos,2
atención,2
atrium,2
auxiliar,2
avg,2
b3,2
bajá,2
bañ,2
best,2
bh,2
bienvenida,2
bomba,2
bondades,2
brinde,2
brisa,2
busques,2
cabina,2
cama,2
caminerías,2
campos,2
caricuao,2
carolina,2
centrica,2
centros,2
chacaíto,2
cima,2
claro,2
climatizado,2
closets,2
cm,2
comandancia,2
comerciales,2
comienzo,2
comoda,2
completa,2
conford,2
conj,2
conjugan,2
conservado,2
consultorios,2
continuo,2
convertirse,2
corazon,2
cortas,2
cortiz,2
cosmopolita,2
cotizadas,2
cotoperi,2
cr.el,2
cuidado,2
cumbre,2
cómodamente,2
damas,2
damos,2
decisión,2
decorar,2
definicion,2
demanda,2
demandada,2
descanso,2
desconectarte,2
descubierta,2
detalle,2
dia,2
diaria,2
diferentes,2
dimensiones,2
diplomatico,2
direto,2
docente,2
dormitorios,2
dp,2
dr,2
ec,2
ed,2
edivigis,2
eduviguis,2
eeuu,2
eficiencia,2
ejercitar,2
electricidad,2
elegantes,2
eléctricos,2
emblemático,2
empresarios,2
encantado26,2
encanto,2
encontraras,2
ensueño,2
entrada,2
entrega,2
epicentro,2
escondida,2
espaciosas,2
especial,2
espectacula,2
espectaculat,2
esposol,2
esquina,2
estación,2
estaconamiento,2
estadías,2
estatus,2
estratégicamente,2
estratégicas,2
estudiante,2
etc,2
evaluado,2
excelencia,2
expectativas,2
expendido,2
experimentar,2
extra,2
extranjeros,2
fc,2
forida,2
francia,2
funcionarios,2
g2h,2
gala,2
gandes,2
garantizados,2
gestión,2
gg,2
gourmet,2
grades,2
grandesa,2
grandioso,2
grandres,2
gris,2
grupo,2
gt,2
guairita,2
guardia,2
gustaría,2
habit,2
habitacional,2
habti,2
hacia,2
hacienda,2
hatillo.t7m,2
hr,2
huespedes,2
humboldt.el,2
ig,2
iglesia,2
impresionantes,2
incluyen,2
indi,2
inf,2
infinita,2
iniciando,2
inmobiliario,2
instalaciones,2
interior,2
interno,2
internos,2
italiana,2
italiano,2
jacinto,2
jacuzzi,2
jb,2
jl,2
jose,2
jp,2
junio,2
jurídico,2
justo,2
k.o,2
k8g,2
kb,2
kc.g,2
kmv,2
laguna,2
largo,2
lateral,2
lavandero,2
lb25,2
lcm,2
lesamo,2
lista,2
llama,2
llano,2
m6z,2
maleta,2
maquinas,2
mar,2
maracacuay,2
marias,2
martin,2
mascota,2
maxima,2
maximizar,2
mbf,2
mccg,2
mediante,2
mediona,2
mendoza,2
mes,2
meses,2
metro,2
metrobus,2
mfl2614364,2
mfl2616316,2
mfm,2
mls24,2
mo,2
moderna,2
modernos,2
mp6,2
mtrs,2
mudate,2
multiples,2
mv2616022,2
myl,2
mágico,2
n,2
natura,2
necesario,2
necesitas.urbanización,2
negocio,2
niños,2
norte.ks,2
nu,2
nunca,2
nv,2
ny,2
o7q,2
odontologico,2
odontólogos,2
optimizados,2
ov,2
p7l,2
palomera,2
panorámicas,2
pensada,2
pequeña,2
perfectas,2
perfectos,2
pineda,2
polo,2
posible,2
pp,2
premio,2
preocupaciones,2
presento,2
prestigioso,2
principales,2
priorizan,2
proyecto,2
próceres,2
publica,2
realmente,2
relajante,2
remanso,2
requiere,2
residence,2
residenciales,2
resort,2
respuesta,2
ress,2
restaurantes,2
romero,2
rosales,2
rr,2
ruiz,2
ruz0,2
rvz,2
salle,2
serenidad,2
sereno,2
servico,2
sofá,2
soñado,2
sta,2
suapure,2
sueños,2
sumamente,2
supera,2
sureste,2
svdb,2
t,2
tan,2
temporal,2
tennis,2
totales,2
tranquilad,2
triple,2
tríplex,2
uk,2
unimet,2
urb.el,2
usd,2
uso,2
varios,2
vega,2
verlo,2
vgi,2
visitante,2
vivienda,2
walk,2
whatsaap,2
whatsapp,2
wl,2
yb3,2
yeliva,2
yesenia,2
yg73,2
yg76,2
yr2614100,2
yr2614224,2
yr2616022,2
yr2616316,2
yr2617369,2
yr2618093,2
ys12613078,2
ys12613547,2
ys12615002,2
ys12615519,2
ys12615540,2
ys12615892,2
ys12616418,2
ys12618093,2
ys1267798,2
ó,2
última,2
0pe,1
"1,500.00",1
1.200,1
1.250,1
1000m2,1
100m,1
100mtrs,1
"101,50",1
103m2,1
"104,50",1
106m2,1
107m2,1
109m2,1
10h,1
117m,1
117mts,1
"118,00",1
118.70m2,1
"121,42mtrs2",1
121m2,1
"122,00",1
122m2,1
123mts,1
124m,1
124mts2,1
127.54,1
12817wm,1
"129,19",1
12947s,1
12min,1
13105s,1
132m2,1
13346yf,1
133m2,1
135m2,1
135mt2,1
136.67m2,1
136m2,1
137m,1
137mts2,1
13842s,1
138m2,1
13904s,1
13930yf,1
14078s,1
140m,1
14116s,1
14149s,1
14170s,1
14205s,1
14252s,1
14273s,1
143.23,1
14359s,1
14440s,1
144m2,1
14585s,1
145mt2,1
14677s,1
14731s,1
14734s,1
147m2,1
14810s,1
14960s,1
149m2,1
15047yf,1
15057s,1
152m2,1
153mts2,1
154.05,1
158011or,1
158018kr,1
158038rt,1
158042mes,1
158084nr,1
158118rt,1
158127mes,1
15mts2,1
160m,1
164m2,1
16853alquiler,1
169m2,1
170m,1
172m2,1
17369s,1
173m2,1
17403s,1
17457s,1
17459s,1
17479s,1
17482s,1
17493s,1
17508s,1
17689s,1
176m,1
179m,1
180m,1
186m2,1
188m,1
190m2,1
192m2,1
198m,1
198m2,1
1av,1
1baño,1
1estac,1
"1h1,5b",1
1h1.5b2p,1
1h21p,1
1habitacion,1
1maletero,1
1mes,1
2.200,1
2.300,1
200mts,1
203m2,1
205m2,1
206m,1
206m2,1
208m2,1
209m2,1
20m2,1
210m2,1
214m2,1
219m2,1
220m,1
222.50m2,1
223m2,1
225m,1
229m2,1
232m2,1
240mts,1
241m,1
244m2,1
245m,1
247m2,1
248m,1
24hrs,1
24x7,1
252m2,1
255m2,1
270m,1
272m2,1
276.50mts2,1
2782s,1
278mtrs,1
282m2,1
285m2,1
286m2,1
297m2,1
2ba,1
2baño,1
2da,1
2h1b1p,1
2h2b1p,1
2h2b2p,1
2habitaciones,1
2m,1
2pt,1
2puestos,1
3.250,1
3.500,1
3.800,1
312m2,1
318mts2,1
320m2,1
324m2,1
325m2,1
327m2,1
332m2,1
335m2,1
345m2,1
360m,1
365m2,1
380m2,1
"381,76mt2,5h",1
383.55m2,1
38m2,1
397m2,1
3baños,1
3era,1
3g,1
3h2b1p,1
3h3b2p,1
3ha,1
3m2,1
400m,1
400m2,1
420m,1
424m2,1
42m2,1
42mts,1
447m2,1
450m2,1
46m2,1
46mt2,1
485m2,1
49m2,1
4m2,1
4ta,1
5.000,1
"50,26",1
520m2,1
55.08,1
55.50m2,1
55m,1
56m,1
56mts2,1
59m2,1
"60,5",1
60.39m2,1
"600,00",1
600m2,1
60mts,1
61m2,1
"64,58",1
"64,58m2",1
650m2,1
65mts,1
66.14m2,1
"67,68",1
670mt2,1
68mts,1
"70,83",1
707m,1
"74,77",1
"74,86",1
74mts,1
"75,54",1
750m2,1
76m2,1
77m,1
780s,1
78mts,1
7ma,1
800.00,1
80mt2,1
80mts,1
83m2,1
84mts2,1
"850,00",1
86m2,1
87m,1
88m2,1
89.55m2,1
89.5m2,1
900.00,1
90m,1
93m2,1
98m,1
99m,1
99m2,1
9m2,1
abella2610338,1
abella268928,1
abierta,1
abtenerse,1
abundante,1
accesibilidad,1
acevedo,1
acropolis,1
actividad,1
actual,1
actualizados,1
actuallizado,1
adelantado,1
adelantados,1
ademas,1
adicional,1
adicionales,1
admin,1
agradables,1
ah,1
airbnb,1
alama,1
alaquiler,1
alatamira,1
alavarez,1
alejada,1
alejarse,1
alequiler,1
aliento,1
alojamiento,1
alquiiler,1
alquilado,1
alquilan,1
alquilaras,1
alquiler.anexo.horizonte,1
alquiler.apartamento,1
alquiler.apartamento.la,1
alquiler.colinas,1
alquilercon,1
alquilere,1
alquileres,1
alquilermontalban,1
alquilo.apto,1
alquuiler,1
altamente,1
altami,1
altozano,1
amangani,1
amantes,1
amblado,1
amblio,1
americ,1
ammoblado,1
amobaldo,1
amobla,1
américas,1
an,1
angela,1
anual,1
ao,1
aoto,1
aparcamiento,1
apartaemnto,1
apartaestudio,1
apartahotel,1
apartajmento,1
apartamemto,1
apartamen,1
apartament,1
apartamento.los,1
apartamentoenalquiler,1
apartamentoi,1
apartameto,1
apartamwnto,1
apartatamento,1
apartemento,1
apartment,1
apartosuite,1
aparttamento,1
appartamento,1
aprovechar,1
aprtamento,1
apto.remodelado,1
apártame,1
aqluilo,1
arcia,1
areasa,1
armonía.vigilancia,1
arq,1
arquitecto,1
arte,1
artigas,1
atm,1
atmósfera,1
aurea,1
autopista,1
auxiliar.calle,1
avda,1
avila.caracas,1
avila.edificio,1
avila.sal,1
aym,1
az,1
azucena,1
b2,1
b4,1
baa,1
bano,1
bar,1
barato,1
baruta.ym,1
baós,1
bbq,1
bcg,1
bcgc,1
belllo,1
belloo,1
bellooo,1
bellos,1
bellísima,1
bgc,1
bienes,1
bienestar,1
bienvenidos,1
binito,1
blancas,1
bombona,1
bpd,1
brindan,1
britanica,1
británica,1
bsoque,1
bteancourt,1
bullicio,1
buscando,1
bv,1
ca,1
caballero,1
cafetal26,1
cafés,1
caicaguana,1
calentador,1
calido,1
califonia,1
camina,1
caminios,1
campana,1
campera,1
can,1
cancha,1
caney,1
cano,1
canon:ref,1
canto,1
capiña,1
captador,1
caraca,1
caracas.edificio,1
caracter,1
caroni,1
carrillo,1
casalta,1
casas,1
castellana.caracas,1
castellanaa,1
castellanade,1
catedral,1
catia,1
cañada,1
cer,1
cercana,1
cercanias,1
cero,1
chacao.mfm,1
chacao___,1
chaconn,1
chaguaramo,1
charrallavito,1
chorro,1
chr,1
chs,1
chula,1
chulavita,1
churuata,1
cicpc,1
cinco,1
circunvalación,1
clase,1
classic,1
clinicas,1
cmd,1
cmdlt,1
cobos,1
coche,1
cocmedor,1
codg,1
coina,1
col,1
colegas,1
colinass,1
colnas,1
combinan,1
comercial.consta,1
comfort,1
comision,1
comodiades,1
comparten,1
compartir,1
completas,1
complicaciones,1
compre,1
comu,1
comunícate,1
común,1
concresa,1
conformado,1
confort.apartamento,1
conocerlo,1
constantemente,1
construcción,1
construido,1
consulados,1
consultario,1
contacto_inmobiliario_,1
contempo,1
contemporánea,1
continua,1
contratos,1
controlado,1
convertible,1
corazón.comodidad,1
corporativa,1
corta,1
cosa,1
costo,1
cota,1
cotactame,1
cp,1
csalad,1
cualquier,1
cubierta,1
cuesta,1
cuidad,1
cultural,1
cy,1
cálido,1
cómodas,1
d48,1
debello,1
dejara,1
deliciosa,1
dell,1
demandadas,1
demandades,1
dependencias,1
depósito,1
desarrolle,1
desconexión,1
descripción,1
deseadas,1
deseas,1
despachos,1
despierta,1
después,1
destechada,1
detras,1
detrás,1
dfarlys,1
dg,1
diagonal,1
dias,1
diplomatica,1
diplomaticos,1
diplomática,1
diplomáticos.colinas,1
direccto,1
directa,1
directivos,1
directomt,1
dirtecto,1
diseado,1
disfrita,1
disfrutat,1
disfrutde,1
disp,1
dispone,1
disponibles,1
distribuciòn,1
divina,1
doctor,1
domotica,1
doravila,1
dt,1
dtto,1
dual,1
duna,1
dz,1
días,1
dùplex,1
e1,1
eacampadero,1
eclusivo,1
económico,1
ecosistema,1
edific,1
edificación,1
edifico,1
ee.uu,1
een,1
elegant,1
eleh,1
elevan,1
elp,1
emi,1
eminence,1
en.alquiler,1
encantará,1
enchacao,1
encolinas,1
encontrar,1
encuentran,1
encuentras,1
ene,1
energía,1
enh,1
ensanta,1
epic,1
eq,1
equioado,1
equipad,1
equipado.amplias,1
equipado:terraza,1
equipadoalto,1
equipadomls,1
equipo,1
equipos,1
equipped,1
er,1
ermoso,1
esaa,1
escampaderos,1
escasa,1
esmeraldad,1
espaciosa,1
espectavular,1
espectcular,1
espectáculo,1
espetacular,1
estacion,1
estacionamie,1
estancia,1
estenar,1
estratgica,1
estratégica.transporte,1
estratégicos,1
estándar,1
eurobuilding,1
ex,1
excelnte,1
exclente,1
exclusia,1
executive,1
exelente,1
exigentes,1
exlusivo,1
expansión,1
expatriados,1
expectacular,1
experimenta,1
extensa,1
fabulos,1
fabulosas,1
facil,1
familiares,1
farmacias,1
farmatodo,1
favorito,1
fernanda,1
ferrequin,1
final,1
financiera,1
fl,1
flamboyant,1
fmg,1
frasco,1
frescura,1
fronda,1
frontal,1
fully,1
g.b,1
gabinetes,1
gabriel,1
galaxia,1
gallego,1
gama,1
ganadora,1
gante,1
garantiza,1
garcía,1
garden,1
garicia,1
gastos,1
gastronomía,1
geranios,1
gertudis,1
gimnasios,1
gioly,1
goreki,1
goza,1
gra,1
grandes.yv,1
grandesira,1
granjerías,1
gs,1
guacamayas,1
guadalupe,1
guillermo,1
gustaria,1
gustos,1
habiatciones,1
habitaion,1
hagas,1
hato,1
haz,1
hermos,1
hermosos,1
hill,1
histórico,1
hkg,1
hogar.lomas,1
honda,1
hora,1
horno,1
hoteles,1
hrs,1
hrs.seguridad,1
humbold,1
humbolht,1
ignacio,1
ih5,1
iliminado,1
ilumidado,1
iluminaci,1
iluminación.colinas,1
iluminadas,1
iluminoso,1
impactante,1
impecables,1
imponentes,1
importancia,1
importante,1
impresionante,1
incluye,1
incomparable,1
inconveniente,1
inconvenientes,1
incuye,1
india,1
indigo,1
infraestructura,1
inmenso,1
innovación,1
inolvidables,1
inspira,1
inspiración,1
inspire,1
insuperable,1
integrado,1
integrados,1
integral,1
inversión,1
io26,1
irradia,1
isla,1
italia,1
iubicado,1
ive,1
iz,1
jaiquelin,1
jam,1
jan,1
jcc,1
jcm,1
jefersson,1
jerfenson,1
jlp,1
josé,1
joven,1
jt,1
junquito,1
juridiccion,1
kavac,1
kitchenett,1
kl,1
l.mercedes,1
la.castellana,1
lavado,1
lbb,1
leandro,1
leer,1
lh,1
li,1
libni,1
libre,1
livita,1
ljl,1
lld26544,1
llega,1
llegan,1
llegues,1
lmaw,1
lms,1
logistica,1
loms,1
losmas,1
lprp,1
lts,1
lu,1
lub,1
luminado,1
luxe,1
m02,1
madrices,1
magali,1
magestuoso,1
maggi,1
magifico,1
magina,1
malabares,1
maltero,1
mam,1
mangos,1
mano,1
manzano,1
maravillas,1
maravillosas,1
maraviloso,1
marfil,1
margot,1
mariperez,1
maripérez,1
marlon,1
marta,1
martín,1
maximiza,1
mayor,1
mch,1
mecedores,1
medico,1
medirien3,1
megv,1
mei,1
menos,1
mensualidad,1
mercado,1
mercancía,1
merceces,1
mercerdes,1
merlot,1
meseta,1
metraje,1
metrobús,1
metropolitan,1
metros2,1
mfl2612590,1
mfl2612661,1
mfl2615179,1
mfl2615696,1
mfl2617026,1
mgg,1
mgr,1
mh,1
milthonhouse53,1
minimalistico,1
mirar,1
modelo,1
modernizada,1
momentos,1
montalbàn,1
montañoso,1
moro,1
move,1
mprp,1
msx5,1
muchomás,1
multiniveles,1
muralla,1
mv2615179,1
mv2616583,1
mvg,1
my,1
márques,1
márquez,1
mònica,1
múdate,1
narajos,1
naranjoss,1
necesita,1
necesite,1
negociablw,1
negociación,1
negociemos,1
ngrp,1
ninguno,1
njos,1
noir,1
noreste,1
norten,1
np25,1
ob023,1
oeste,1
oferta,1
ong,1
oo,1
opcion,1
operativa,1
oportuinidad,1
optimizada,1
original,1
oro,1
p.alta,1
p.b,1
paez,1
palace,1
palis,1
panaderias,1
panadería,1
panoràmica,1
panorá,1
panteón,1
paolos,1
parada,1
paramo,1
parking,1
parmalat,1
parquecarabobo,1
parrilleras,1
pastran,1
pata,1
patrimonio,1
paúl,1
pen,1
pensado,1
pent.house,1
penthause,1
penthpuse,1
penthuose,1
perfíl,1
periodos,1
permanente,1
permanentemente,1
personalizada,1
peru,1
perú,1
pestana,1
petroleras,1
peñon,1
pi,1
pide,1
piedras,1
pinot,1
pintado,1
pisicina,1
platanal,1
plazas,1
plazo,1
plnata,1
plus,1
pocas,1
podrá,1
polideportivo,1
poseer,1
posibilidad,1
posiciona,1
preocuparte,1
preparado,1
prestigiosos,1
prestijiosa,1
prinipal,1
privilegiado,1
profundo,1
propietario,1
protagonistas,1
pto,1
pu,1
pueblo,1
puede,1
puerta,1
punto,1
pura,1
páez,1
pájaros,1
pùesto,1
público.vista,1
qr,1
queda,1
queridos,1
quiroga,1
rahl,1
rahml,1
rahml____,1
ravv,1
raíces,1
rd26,1
ready,1
rebajado,1
recamaras,1
recibido,1
recibirte,1
recientemente,1
reconocido,1
recreacionales,1
recreativas,1
redefine,1
redoma,1
ref1100,1
referencia,1
refinado,1
refleja,1
remodelados,1
renombrado,1
renta,1
rentahouse,1
representa,1
resd.oasis,1
restaurante,1
rh,1
rincn,1
rodea,1
room,1
roosevelt,1
rosalia,1
rosalía,1
ròmulo,1
rústico,1
saa,1
sabucán,1
salida,1
salones,1
saman,1
secundaria,1
segura.casa,1
seguros,1
semestral,1
seres,1
seven,1
sf,1
sguridad,1
shorrumg,1
showroom,1
siempre,1
sientas,1
silencio,1
silencioso,1
simplemente,1
simplifique,1
sl,1
sobrio,1
sofistcado,1
sofisticado,1
sofía,1
solas,1
solicitadas,1
solteras,1
soltero,1
soñaste,1
ss12097,1
sta.fe,1
style,1
sube,1
sui,1
suit,1
supermercado,1
supervision,1
sólida,1
sólo,1
t31m2,1
tananaco,1
tanques,1
terr,1
terracita,1
terrazasdel,1
tf,1
tgr,1
tochon,1
tohona,1
topé,1
totalemte,1
totón,1
traemos,1
traer,1
traigo,1
tranquil,1
transnacionales,1
transportes,1
transversal,1
trayectoria,1
tt,1
tza,1
u,1
ubicacin,1
ud,1
ultima,1
une,1
unicentro,1
unico,1
unidos,1
urb.clnas,1
urb.colinas,1
urb.guaicay,1
urb.santa,1
urbanismos,1
urrbina,1
usm,1
usos,1
valles,1
vam,1
ven,1
venezolano,1
ventanales,1
versátil,1
vez,1
vhmogo,1
via,1
vibrantes,1
victoria,1
viejo,1
vigil,1
vigilanc,1
vigilancia24,1
villanueva,1
viscaya,1
visita,1
visitarlo,1
vistalavila,1
vistalparque,1
vistavila,1
vitsa,1
vizacaya,1
volumen,1
vp26,1
vías,1
ws,1
xy23,1
yb10,1
yb11,1
yc,1
yp.t03g,1
yr2613140,1
yr2613290,1
yr2615274,1
yr2616483,1
yr2616502,1
yr2616513,1
yr2616913,1
yr2618339,1
ys12611154,1
ys12611277,1
ys12613572,1
ys12614359,1
ys12615154,1
ys12616502,1
ys12617217,1
ys12617755,1
ys12617781,1
ys12617851,1
ys12618560,1
ys1265064,1
ys126780,1
yv,1
zs,1
únicamente,1
