"","palabra","n"
"1","apartamento",10489
"2","alquiler",9570
"3","26",7115
"4","mls",2659
"5","colinas",1064
"6","palos",1050
"7","grandes",1034
"8","mercedes",968
"9","santa",880
"10","bello",853
"11","alquila",837
"12","amoblado",814
"13","naranjos",671
"14","lomas",656
"15","urb",609
"16","yf",605
"17","valle",577
"18","arriba",561
"19","ubicado",556
"20","hermoso",514
"21","castellana",484
"22","alquilo",453
"23","monte",449
"24","altamira",447
"25","acogedor",441
"26","vista",436
"27","remodelado",434
"28","apto",433
"29","25",416
"30","cod",396
"31","tahona",372
"32","caracas",352
"33","chacao",340
"34","excelente",332
"35","equipado",327
"36","amplio",302
"37","hatillo",299
"38","m2",293
"39","2",286
"40","espectacular",283
"41","cómodo",268
"42","eduvigis",259
"43","cafetal",254
"44","alameda",253
"45","chorros",251
"46","samanes",250
"47","1",249
"48","rah",247
"49","norte",243
"50","boyera",236
"51","marin",231
"52","sol",229
"53","exclusivo",227
"54","moderno",222
"55","lagunita",220
"56","fe",208
"57","ph",203
"58","3",198
"59","florida",198
"60","escampadero",197
"61","solar",191
"62","totalmente",190
"63","terrazas",188
"64","avila",187
"65","ávila",185
"66","chuao",184
"67","san",178
"68","club",175
"69","comodo",175
"70","24",166
"71","ubicación",166
"72","oportunidad",165
"73","venta",164
"74","impecable",162
"75","sebucan",159
"76","maría",158
"77","dos",157
"78","pastrán",156
"79","josmary",155
"80","mg",155
"81","sanjuan",155
"82","rosa",150
"83","habitaciones",147
"84","lima",147
"85","urbina",145
"86","barbara",144
"87","yg",141
"88","lujo",140
"89","pozo",137
"90","presenta",135
"91","ac",132
"92","baños",132
"93","agua",130
"94","duplex",130
"95","estrenar",129
"96","solo",128
"97","caminos",127
"98","penthouse",126
"99","zona",125
"100","vigilancia",124
"101","cigarral",123
"102","bernardino",118
"103","terraza",114
"104","carmen",112
"105","medina",112
"106","ofrece",112
"107","cliente",111
"108","andreina",110
"109","castro",110
"110","confort",110
"111","cv",109
"112","directo",109
"113","jg",109
"114","2b",108
"115","calle",108
"116","listo",108
"117","campo",107
"118","3h",106
"119","alvarez",105
"120","humboldt",105
"121","piscina",105
"122","puestos",104
"123","tipo",104
"124","jr",103
"125","edificio",102
"126","k.f",102
"127","ideal",101
"128","07",100
"129","encantado",98
"130","estacionamiento",98
"131","ng",97
"132","6",96
"133","cerca",95
"134","anexo",94
"135","macaracuay",94
"136","marques",94
"137","actualizado",93
"138","negociable",93
"139","cocina",92
"140","country",92
"141","hab",91
"142","sur",91
"143","estupendo",90
"144","ls",90
"145","urbanización",90
"146","ft",89
"147","manzanares",89
"148","nobrega",87
"149","distrito",85
"150","paula",85
"151","at26",84
"152","cerrada",84
"153","elena",83
"154","mls26",83
"155","amc",82
"156","yanira",82
"157","seguridad",81
"158","s",80
"159","sebucán",80
"160","boleita",78
"161","habitación",78
"162","jessel",78
"163","baño",77
"164","gc",76
"165","monica",76
"166","sc",76
"167","rd",75
"168","c.h",74
"169","dúplex",74
"170","metropolitano",73
"171","house",72
"172","mp",72
"173","2h",71
"174","alegre",70
"175","resd",70
"176","vi",70
"177","2p",69
"178","metros",69
"179","cód",67
"180","ijp",67
"181","jm",67
"182","pent",67
"183","alta",66
"184","estudio",66
"185","flex",66
"186","grande",66
"187","lindo",66
"188","puesto",65
"189","chulavista",64
"190","elegante",64
"191","manuel",64
"192","db",63
"193","es26",63
"194","lujoso",63
"195","belkis",61
"196","comodidad",61
"197","completamente",61
"198","mb",61
"199","privilegiada",61
"200","rg",61
"201","rosal",61
"202","espacioso",59
"203","iluminado",59
"204","4",58
"205","av",58
"206","baja",58
"207","privada",58
"208","1b",57
"209","guaicay",57
"210","gonzalez",56
"211","paraíso",55
"212","1h",54
"213","hogar",54
"214","planta",54
"215","sabana",54
"216","y.t",54
"217","conjunto",53
"218","d26",53
"219","hermosa",53
"220","pm",53
"221","sq",53
"222","1p",52
"223","carlos",52
"224","ciudad",52
"225","clientes",52
"226","ld",52
"227","niveles",52
"228","3b",51
"229","carla",51
"230","clnas",51
"231","mts",51
"232","privado",51
"233","baruta",50
"234","christian",50
"235","esmeraldas",50
"236","mónica",50
"237","pb",50
"238","semi",50
"239","szotyori",50
"240","california",49
"241","cumbres",49
"242","mc",49
"243","paraiso",49
"244","piso",49
"245","ag",48
"246","curumo",48
"247","ivanna",48
"248","mesetas",48
"249","mjs",48
"250","urbanizacion",48
"251","mr",47
"252","23",46
"253","buscas",46
"254","c",46
"255","campitos",46
"256","ejecutivo",46
"257","exclusividad",46
"258","funcional",46
"259","practico",46
"260","2pe",45
"261","as",45
"262","d.j",45
"263","fresco",45
"264","increíble",45
"265","municipio",45
"266","residencial",45
"267","vivir",45
"268","acabados",44
"269","candelaria",44
"270","gn",44
"271","ml",44
"272","mts2",44
"273","parque",44
"274","vive",44
"275","caurimare",43
"276","confortable",43
"277","habitar",43
"278","mv",43
"279","alto",42
"280","csa",42
"281","sm",42
"282","at",41
"283","bosque",41
"284","garcia",41
"285","mejor",41
"286","nuevo",41
"287","panorámica",41
"288","trinidad",40
"289","ubicacion",40
"290","bien",39
"291","dany",39
"292","mollejas",39
"293","aa",38
"294","diseño",38
"295","mirador",38
"296","16071",37
"297","17244",37
"298","bb",37
"299","campiña",37
"300","distribución",37
"301","estilo",37
"302","hipico",37
"303","lm",37
"304","magaly",37
"305","caro",36
"306","corazón",36
"307","cs",36
"308","inchausti",36
"309","ana",35
"310","apartamentos",35
"311","blanco",35
"312","embajada",35
"313","marigreys",35
"314","ref",35
"315","rt",35
"316","áreas",35
"317","15519",34
"318","2782",34
"319","caobos",34
"320","chaguaramos",34
"321","espacio",34
"322","exclusiva",34
"323","mejores",34
"324","rc",34
"325","1pe",33
"326","ascensor",33
"327","ejecutivos",33
"328","equipada",33
"329","jca",33
"330","palmas",33
"331","prados",33
"332","darlys",32
"333","pareja",32
"334","perez",32
"335","tranquilidad",32
"336","bajo",31
"337","cl",31
"338","ll",31
"339","mas",31
"340","servicio",31
"341","smb",31
"342","13590",30
"343","ch",30
"344","contáctame",30
"345","mudarse",30
"346","sala",30
"347","ug",30
"348","13945",29
"349","14364",29
"350","aire",29
"351","aj",29
"352","centro",29
"353","densidad",29
"354","ely",29
"355","montaña",29
"356","muebles",29
"357","rex",29
"358","servicios",29
"359","toubia",29
"360","13730",28
"361","15742",28
"362","17026",28
"363","americana",28
"364","aranguren",28
"365","edgarys",28
"366","edith",28
"367","fg",28
"368","gran",28
"369","jel",28
"370","maravilloso",28
"371","sociales",28
"372","sv",28
"373","11802",27
"374","12782",27
"375","17605",27
"376","17839",27
"377","4h",27
"378","7",27
"379","ccct",27
"380","hotel",27
"381","marqués",27
"382","miranda",27
"383","pedregal",27
"384","roche",27
"385","vp",27
"386","wm",27
"387","zonas",27
"388","10031",26
"389","11531",26
"390","15945",26
"391","16244",26
"392","16913",26
"393","16957",26
"394","16973",26
"395","cedeño",26
"396","js",26
"397","lb26",26
"398","ms",26
"399","neyla",26
"400","primera",26
"401","quinta",26
"402","sag",26
"403","ventilado",26
"404","ycl",26
"405","14065",25
"406","14424",25
"407","15154",25
"408","17930",25
"409","23398",25
"410","4b",25
"411","6891",25
"412","6984",25
"413","clima",25
"414","elsy",25
"415","gusto",25
"416","loft",25
"417","machado",25
"418","oripoto",25
"419","plaza",25
"420","stephany",25
"421","suite",25
"422","tamanaco",25
"423","12947",24
"424","15696",24
"425","16811",24
"426","16976",24
"427","17369",24
"428","17457",24
"429","18209",24
"430","chacón",24
"431","encantador",24
"432","estratégica",24
"433","iluminación",24
"434","lisbet",24
"435","p",24
"436","parte",24
"437","pv",24
"438","rf",24
"439","ruices",24
"440","ym",24
"441","1003",23
"442","10332",23
"443","13167",23
"444","15601",23
"445","16238",23
"446","16736",23
"447","17296",23
"448","17366",23
"449","17987",23
"450","23399",23
"451","8133",23
"452","acceso",23
"453","carlota",23
"454","casa",23
"455","espacios",23
"456","ev",23
"457","gimnasio",23
"458","i",23
"459","increible",23
"460","juan",23
"461","mariela",23
"462","perfecto",23
"463","sánchez",23
"464","total",23
"465","urdaneta",23
"466","yt",23
"467","11154",22
"468","14267",22
"469","16751",22
"470","16762",22
"471","17781",22
"472","17791",22
"473","17799",22
"474","17864",22
"475","18126",22
"476","acondicionado",22
"477","adriana",22
"478","agradable",22
"479","al26",22
"480","alquilar",22
"481","bm",22
"482","constante",22
"483","ip",22
"484","jlrp",22
"485","montalban",22
"486","naomi",22
"487","premium",22
"488","r",22
"489","santana",22
"490","wsz",22
"491","10814",21
"492","10839",21
"493","12850",21
"494","13078",21
"495","13158",21
"496","13594",21
"497","14960",21
"498","15179",21
"499","15661",21
"500","16391",21
"501","17625",21
"502","17755",21
"503","4349",21
"504","7360",21
"505","amplia",21
"506","boleíta",21
"507","bonita",21
"508","comedor",21
"509","comercial",21
"510","cuadrados",21
"511","disfruta",21
"512","ines",21
"513","miravila",21
"514","nl",21
"515","seguro",21
"516","sr",21
"517","visitantes",21
"518","yz",21
"519","120m2",20
"520","12487",20
"521","14078",20
"522","16397",20
"523","16524",20
"524","17959",20
"525","3p",20
"526","5",20
"527","excelentes",20
"528","franklin",20
"529","jaiqueline",20
"530","m",20
"531","marcano",20
"532","np",20
"533","oficina",20
"534","parejas",20
"535","pisos",20
"536","seijas",20
"537","ss",20
"538","yfg",20
"539","ys",20
"540","13087",19
"541","13417",19
"542","14170",19
"543","14192",19
"544","14440",19
"545","14506",19
"546","14731",19
"547","15057",19
"548","15274",19
"549","15416",19
"550","15926",19
"551","16239",19
"552","17689",19
"553","17811",19
"554","18093",19
"555","18264",19
"556","24928",19
"557","3877",19
"558","5824",19
"559","65",19
"560","7798",19
"561","bella",19
"562","bellísimo",19
"563","cuenta",19
"564","internet",19
"565","mq",19
"566","recreo",19
"567","residencias",19
"568","roman",19
"569","tanque",19
"570","v",19
"571","vida",19
"572","vizcaya",19
"573","10165",18
"574","14100",18
"575","14744",18
"576","15141",18
"577","16202",18
"578","16569",18
"579","16914",18
"580","17382",18
"581","17800",18
"582","7452",18
"583","bonito",18
"584","combina",18
"585","céntrico",18
"586","df",18
"587","dm",18
"588","habitacion",18
"589","hgk",18
"590","inmueble",18
"591","principal",18
"592","tranquila",18
"593","vs",18
"594","12368",17
"595","12865",17
"596","13366",17
"597","14224",17
"598","15101",17
"599","15476",17
"600","16028",17
"601","17357",17
"602","17912",17
"603","18169",17
"604","18223",17
"605","18334",17
"606","2460",17
"607","7470",17
"608","780",17
"609","areas",17
"610","buen",17
"611","buscan",17
"612","cf",17
"613","comercios",17
"614","descubre",17
"615","magnifico",17
"616","mt2",17
"617","mtrs2",17
"618","precio",17
"619","refugio",17
"620","todas",17
"621","10179",16
"622","1094",16
"623","1221",16
"624","12682",16
"625","14425",16
"626","15367",16
"627","16663",16
"628","17143",16
"629","17217",16
"630","17359",16
"631","17459",16
"632","17921",16
"633","7005",16
"634","80",16
"635","8974",16
"636","9078",16
"637","9611",16
"638","buena",16
"639","cada",16
"640","cira",16
"641","condominio",16
"642","código",16
"643","empotrada",16
"644","familia",16
"645","frente",16
"646","lld",16
"647","lugar",16
"648","luis",16
"649","luz",16
"650","mdcr",16
"651","natural",16
"652","pd",16
"653","si",16
"654","simancas",16
"655","urbanizaciones",16
"656","wsuarez",16
"657","10032",15
"658","10573",15
"659","10642",15
"660","11716",15
"661","12800",15
"662","12836",15
"663","13248",15
"664","13262",15
"665","13289",15
"666","13290",15
"667","14395",15
"668","15475",15
"669","15609",15
"670","16718",15
"671","16841",15
"672","17238",15
"673","17479",15
"674","17682",15
"675","17785",15
"676","17851",15
"677","17873",15
"678","18035",15
"679","18175",15
"680","18280",15
"681","18336",15
"682","18604",15
"683","1e",15
"684","28032",15
"685","5820",15
"686","6117",15
"687","6744",15
"688","70m2",15
"689","9104",15
"690","9695",15
"691","acacias",15
"692","avenida",15
"693","calidad",15
"694","carrero",15
"695","diseñado",15
"696","espera",15
"697","jc",15
"698","ks",15
"699","luminoso",15
"700","persona",15
"701","precioso",15
"702","recién",15
"703","serv",15
"704","union",15
"705","vende",15
"706","yosmil",15
"707","10700",14
"708","10972",14
"709","10980",14
"710","11686",14
"711","12661",14
"712","12677",14
"713","12953",14
"714","13454",14
"715","14279",14
"716","14810",14
"717","15002",14
"718","15096",14
"719","15298",14
"720","15319",14
"721","15465",14
"722","15580",14
"723","15700",14
"724","15920",14
"725","16018",14
"726","16116",14
"727","16583",14
"728","17277",14
"729","17432",14
"730","17688",14
"731","17909",14
"732","17989",14
"733","18130",14
"734","18261",14
"735","22",14
"736","220m2",14
"737","3414",14
"738","5003",14
"739","5383",14
"740","5528",14
"741","5877",14
"742","6300",14
"743","69",14
"744","6933",14
"745","6996",14
"746","6997",14
"747","9350",14
"748","caiza",14
"749","cd",14
"750","centrico",14
"751","destaca",14
"752","disfrutar",14
"753","dmh",14
"754","edificios",14
"755","fácil",14
"756","gallegos",14
"757","hípico",14
"758","indi.v",14
"759","jrz",14
"760","km",14
"761","maletero",14
"762","maria",14
"763","nc",14
"764","pe",14
"765","propio",14
"766","sola",14
"767","tener",14
"768","transporte",14
"769","tres",14
"770","vistas",14
"771","10225",13
"772","11886",13
"773","12635",13
"774","12911",13
"775","12933",13
"776","13328",13
"777","13941",13
"778","14195",13
"779","14870",13
"780","150m2",13
"781","15253",13
"782","15389",13
"783","15596",13
"784","1572",13
"785","15895",13
"786","15948",13
"787","16022",13
"788","16030",13
"789","16302",13
"790","16649",13
"791","16740",13
"792","17454",13
"793","17467",13
"794","17468",13
"795","17493",13
"796","17616",13
"797","17763",13
"798","17777",13
"799","18075",13
"800","18231",13
"801","18477",13
"802","19003",13
"803","3hab",13
"804","5017",13
"805","50m2",13
"806","5b",13
"807","6073",13
"808","60m2",13
"809","8124",13
"810","8325",13
"811","9570",13
"812","9826",13
"813","además",13
"814","asesores",13
"815","b",13
"816","capital",13
"817","cda",13
"818","cipf",13
"819","distribuido",13
"820","edf",13
"821","ee26",13
"822","eléctrica",13
"823","fm",13
"824","granito",13
"825","ims",13
"826","inmuebles",13
"827","lt",13
"828","maletas",13
"829","nivel",13
"830","olga",13
"831","pomelos",13
"832","prada",13
"833","prado",13
"834","prestigiosa",13
"835","propiedad",13
"836","residencia",13
"837","sharon",13
"838","sucre",13
"839","tope",13
"840","ue",13
"841","verdes",13
"842","x7q",13
"843","yb",13
"844","10577",12
"845","10973",12
"846","11685",12
"847","12042",12
"848","12835",12
"849","12967",12
"850","13172",12
"851","13192",12
"852","14194",12
"853","14423",12
"854","14879",12
"855","16004",12
"856","16585",12
"857","16626",12
"858","16853",12
"859","17095",12
"860","17124",12
"861","1719",12
"862","17395",12
"863","17580",12
"864","1768",12
"865","18445",12
"866","18483",12
"867","18711",12
"868","23959",12
"869","24h",12
"870","5857",12
"871","6232",12
"872","64",12
"873","7960",12
"874","98m2",12
"875","abstenerse",12
"876","amplitud",12
"877","aquí",12
"878","betancourt",12
"879","cgi",12
"880","comodidades",12
"881","condiciones",12
"882","contactame",12
"883","céntrica",12
"884","da",12
"885","ep",12
"886","francis",12
"887","inmejorable",12
"888","ljah",12
"889","lp",12
"890","luxury",12
"891","magnífico",12
"892","rm",12
"893","sb",12
"894","techados",12
"895","triplex",12
"896","verde",12
"897","zeppieri",12
"898","100m2",11
"899","10841",11
"900","11380",11
"901","11625",11
"902","11893",11
"903","12454",11
"904","12688",11
"905","13313",11
"906","13400",11
"907","13646",11
"908","13869",11
"909","14116",11
"910","15076",11
"911","15125",11
"912","15140",11
"913","15264",11
"914","15507",11
"915","16640",11
"916","16682",11
"917","16709",11
"918","17198",11
"919","17403",11
"920","17461",11
"921","17535",11
"922","17587",11
"923","17960",11
"924","18260",11
"925","18316",11
"926","29192",11
"927","2hab",11
"928","3.5b",11
"929","4572",11
"930","58m2",11
"931","70",11
"932","8515",11
"933","8692",11
"934","9828",11
"935","a.s",11
"936","amplias",11
"937","amueblado",11
"938","ar",11
"939","balcón",11
"940","civf",11
"941","dc",11
"942","diaz",11
"943","directos",11
"944","electrica",11
"945","exquisito",11
"946","fabuloso",11
"947","ff",11
"948","gustavo",11
"949","mobiliario",11
"950","modernidad",11
"951","mudarte",11
"952","nevera",11
"953","premier",11
"954","privacidad",11
"955","r.o",11
"956","ratzina",11
"957","salón",11
"958","solano",11
"959","suites",11
"960","vbrr",11
"961","yp",11
"962","10063",10
"963","10590",10
"964","11124",10
"965","12587",10
"966","13343",10
"967","13415",10
"968","13517",10
"969","14062",10
"970","14183",10
"971","14312",10
"972","14544",10
"973","15047",10
"974","15226",10
"975","15262",10
"976","15278",10
"977","16304",10
"978","16314",10
"979","16316",10
"980","16670",10
"981","16825",10
"982","16845",10
"983","17019",10
"984","17150",10
"985","17202",10
"986","17291",10
"987","17855",10
"988","18025",10
"989","18037",10
"990","18195",10
"991","18215",10
"992","18346",10
"993","18737",10
"994","22217",10
"995","24458",10
"996","2823",10
"997","31600",10
"998","5436",10
"999","55",10
"1000","5h",10
"1001","6877",10
"1002","8008",10
"1003","9342",10
"1004","altura",10
"1005","amplios",10
"1006","antonieta",10
"1007","canon",10
"1008","central",10
"1009","delicias",10
"1010","eb",10
"1011","elegancia",10
"1012","evelyn",10
"1013","fr",10
"1014","francisco",10
"1015","franco",10
"1016","full",10
"1017","g.s",10
"1018","h",10
"1019","horas",10
"1020","imponente",10
"1021","inés",10
"1022","jardín",10
"1023","libertador",10
"1024","local",10
"1025","materiales",10
"1026","mármol",10
"1027","perfil",10
"1028","práctico",10
"1029","quieres",10
"1030","sector",10
"1031","tg",10
"1032","tranquilo",10
"1033","venezuela",10
"1034","zm",10
"1035","100",9
"1036","11085",9
"1037","11361",9
"1038","12282",9
"1039","12510",9
"1040","12570",9
"1041","130m2",9
"1042","13104",9
"1043","13105",9
"1044","13461",9
"1045","13547",9
"1046","13729",9
"1047","13832",9
"1048","14359",9
"1049","14396",9
"1050","14398",9
"1051","143m2",9
"1052","14572",9
"1053","14734",9
"1054","14818",9
"1055","15317",9
"1056","15364",9
"1057","15731",9
"1058","15763",9
"1059","16066",9
"1060","16139",9
"1061","16513",9
"1062","16537",9
"1063","16648",9
"1064","16722",9
"1065","16726",9
"1066","16756",9
"1067","16955",9
"1068","16962",9
"1069","17149",9
"1070","17334",9
"1071","17460",9
"1072","17655",9
"1073","18170",9
"1074","18287",9
"1075","18411",9
"1076","1hab",9
"1077","1m",9
"1078","1s",9
"1079","2.5b",9
"1080","200m2",9
"1081","2e",9
"1082","3644",9
"1083","5739",9
"1084","7411",9
"1085","8142",9
"1086","8584",9
"1087","90m2",9
"1088","abierto",9
"1089","abm",9
"1090","ambientes",9
"1091","balcon",9
"1092","c.c",9
"1093","cct",9
"1094","chacaito",9
"1095","concepto",9
"1096","cr",9
"1097","e.n",9
"1098","edif",9
"1099","em",9
"1100","estratégico",9
"1101","fjg",9
"1102","gym",9
"1103","ii",9
"1104","iii",9
"1105","j",9
"1106","kp",9
"1107","lavadora",9
"1108","majestuoso",9
"1109","merw",9
"1110","mjr",9
"1111","mls25",9
"1112","monterrey",9
"1113","naranjal",9
"1114","oa",9
"1115","panoramica",9
"1116","parcialmente",9
"1117","preciosa",9
"1118","román",9
"1119","super",9
"1120","vg",9
"1121","villa",9
"1122","área",9
"1123","única",9
"1124","110m2",8
"1125","115",8
"1126","116",8
"1127","120",8
"1128","12386",8
"1129","13140",8
"1130","13346",8
"1131","140m2",8
"1132","14585",8
"1133","14677",8
"1134","14784",8
"1135","15201",8
"1136","16859",8
"1137","16910",8
"1138","17052",8
"1139","17654",8
"1140","1770",8
"1141","17782",8
"1142","18349",8
"1143","18368",8
"1144","4427",8
"1145","4476",8
"1146","4741",8
"1147","5064",8
"1148","5599",8
"1149","58",8
"1150","6178",8
"1151","75",8
"1152","7979",8
"1153","8386",8
"1154","85m2",8
"1155","8620",8
"1156","9310",8
"1157","9756",8
"1158","apt",8
"1159","cinta",8
"1160","ciudadela",8
"1161","cog",8
"1162","colina",8
"1163","conectividad",8
"1164","distribuidos",8
"1165","encuentra",8
"1166","equilibrio",8
"1167","excepcional",8
"1168","f",8
"1169","funcionalidad",8
"1170","golf",8
"1171","hh",8
"1172","horizonte",8
"1173","ic",8
"1174","independiente",8
"1175","infantil",8
"1176","inmobiliarios",8
"1177","ir",8
"1178","jardin",8
"1179","leslie",8
"1180","linda",8
"1181","mantenido",8
"1182","md26",8
"1183","mgt",8
"1184","np26",8
"1185","opción",8
"1186","paz",8
"1187","practicidad",8
"1188","próximo",8
"1189","res",8
"1190","romulo",8
"1191","semiamoblado",8
"1192","th",8
"1193","tzas",8
"1194","unión",8
"1195","urbano",8
"1196","vestier",8
"1197","yyx",8
"1198","10296",7
"1199","110",7
"1200","112",7
"1201","11999",7
"1202","12956",7
"1203","13068",7
"1204","13093",7
"1205","13138",7
"1206","13607",7
"1207","13670",7
"1208","13819",7
"1209","13949",7
"1210","13952",7
"1211","14069",7
"1212","14129",7
"1213","14273",7
"1214","143",7
"1215","14342",7
"1216","145m2",7
"1217","14965",7
"1218","150",7
"1219","15149",7
"1220","15711",7
"1221","16164",7
"1222","16195",7
"1223","16482",7
"1224","16483",7
"1225","16625",7
"1226","16716",7
"1227","16869",7
"1228","17079",7
"1229","17285",7
"1230","17361",7
"1231","17499",7
"1232","17528",7
"1233","1769",7
"1234","17860",7
"1235","18026",7
"1236","18214",7
"1237","18317",7
"1238","18529",7
"1239","200",7
"1240","20500",7
"1241","24995",7
"1242","2665",7
"1243","4p",7
"1244","5180",7
"1245","5631",7
"1246","5773",7
"1247","57m2",7
"1248","64m2",7
"1249","6595",7
"1250","7851",7
"1251","84m2",7
"1252","8827",7
"1253","8899",7
"1254","8980",7
"1255","9166",7
"1256","9240",7
"1257","ad",7
"1258","apart",7
"1259","area",7
"1260","blanca",7
"1261","cerrado",7
"1262","disponible",7
"1263","entrar",7
"1264","esplendido",7
"1265","est",7
"1266","estacionamientos",7
"1267","estupenda",7
"1268","familias",7
"1269","fibra",7
"1270","fijo",7
"1271","floresta",7
"1272","fotos",7
"1273","haciendas",7
"1274","hg",7
"1275","hoy",7
"1276","imagina",7
"1277","incluidos",7
"1278","io",7
"1279","isabel",7
"1280","jdv",7
"1281","l",7
"1282","l.p",7
"1283","lado",7
"1284","llegar",7
"1285","loma",7
"1286","ma",7
"1287","mantenimiento",7
"1288","mf",7
"1289","minimalista",7
"1290","mm",7
"1291","mun",7
"1292","necesitas",7
"1293","park",7
"1294","parroquia",7
"1295","pdl",7
"1296","penhouse",7
"1297","perfecta",7
"1298","pf",7
"1299","problemas",7
"1300","pérez",7
"1301","recien",7
"1302","rincón",7
"1303","rodeado",7
"1304","rp",7
"1305","ru",7
"1306","sambil",7
"1307","situado",7
"1308","solteros",7
"1309","sp",7
"1310","town",7
"1311","yq",7
"1312","1000",6
"1313","10338",6
"1314","10491",6
"1315","11391",6
"1316","11467",6
"1317","114m2",6
"1318","11604",6
"1319","11808",6
"1320","12214",6
"1321","12264",6
"1322","12280",6
"1323","12290",6
"1324","12367",6
"1325","12423",6
"1326","12451",6
"1327","12599",6
"1328","12615",6
"1329","12648",6
"1330","12852",6
"1331","12902",6
"1332","13196",6
"1333","13268",6
"1334","13572",6
"1335","13592",6
"1336","14",6
"1337","14666",6
"1338","14971",6
"1339","15015",6
"1340","15211",6
"1341","15462",6
"1342","15621",6
"1343","15902",6
"1344","15907",6
"1345","15963",6
"1346","16037",6
"1347","16784",6
"1348","16818",6
"1349","17084",6
"1350","170m2",6
"1351","17367",6
"1352","17449",6
"1353","17687",6
"1354","18039",6
"1355","18101",6
"1356","18174",6
"1357","18339",6
"1358","20728",6
"1359","21364",6
"1360","21426",6
"1361","22508",6
"1362","230m2",6
"1363","240m2",6
"1364","2baños",6
"1365","305m2",6
"1366","338m2",6
"1367","3505",6
"1368","3956",6
"1369","3pe",6
"1370","4039",6
"1371","4287",6
"1372","45",6
"1373","450",6
"1374","50",6
"1375","51",6
"1376","544",6
"1377","567",6
"1378","57",6
"1379","700",6
"1380","74m2",6
"1381","7915",6
"1382","80m2",6
"1383","8648",6
"1384","90",6
"1385","9024",6
"1386","abr",6
"1387","alquier",6
"1388","anv",6
"1389","aqluiler",6
"1390","bellas",6
"1391","bellisimo",6
"1392","canchas",6
"1393","características",6
"1394","casados",6
"1395","cdo",6
"1396","ciega",6
"1397","colegios",6
"1398","crespo",6
"1399","data",6
"1400","deportivas",6
"1401","despertar",6
"1402","disfrute",6
"1403","doble",6
"1404","día",6
"1405","ea",6
"1406","exclusivas",6
"1407","falta",6
"1408","fantástico",6
"1409","fiesta",6
"1410","fiestas",6
"1411","fn",6
"1412","garita",6
"1413","habt",6
"1414","jardines",6
"1415","lb",6
"1416","lesbia",6
"1417","lozano",6
"1418","lópez",6
"1419","mab",6
"1420","maravillosa",6
"1421","md",6
"1422","mdominguez",6
"1423","mgbg",6
"1424","morales",6
"1425","nb",6
"1426","nueva",6
"1427","parrillera",6
"1428","pasos",6
"1429","pc",6
"1430","plena",6
"1431","presidencial",6
"1432","público",6
"1433","residences",6
"1434","ro",6
"1435","rómulo",6
"1436","seguras",6
"1437","ser",6
"1438","sorocaima",6
"1439","t7m",6
"1440","tn",6
"1441","torre",6
"1442","tranquilas",6
"1443","unica",6
"1444","valoran",6
"1445","xiolimar",6
"1446","yj",6
"1447","001",5
"1448","10208",5
"1449","1049",5
"1450","10710",5
"1451","10859",5
"1452","11527",5
"1453","11739",5
"1454","11788",5
"1455","11801",5
"1456","1188",5
"1457","12345",5
"1458","12519",5
"1459","12590",5
"1460","12779",5
"1461","127m2",5
"1462","12801",5
"1463","12816",5
"1464","13511",5
"1465","140",5
"1466","14090",5
"1467","141",5
"1468","14104",5
"1469","14587",5
"1470","14658",5
"1471","14893",5
"1472","15187",5
"1473","15199",5
"1474","15207",5
"1475","15301",5
"1476","157m2",5
"1477","15844",5
"1478","160m2",5
"1479","16165",5
"1480","1623",5
"1481","16502",5
"1482","16596",5
"1483","165m2",5
"1484","166",5
"1485","16745",5
"1486","16975",5
"1487","17201",5
"1488","17208",5
"1489","17307",5
"1490","17429",5
"1491","17451",5
"1492","17494",5
"1493","17875",5
"1494","178m2",5
"1495","180m2",5
"1496","18128",5
"1497","1831",5
"1498","18344",5
"1499","18555",5
"1500","18557",5
"1501","18560",5
"1502","20775",5
"1503","260m2",5
"1504","29177",5
"1505","29250",5
"1506","2ptos",5
"1507","300",5
"1508","300m2",5
"1509","3442",5
"1510","360",5
"1511","40m2",5
"1512","424mtrs2",5
"1513","494m2",5
"1514","5464",5
"1515","54m2",5
"1516","5603",5
"1517","56m2",5
"1518","571",5
"1519","5p",5
"1520","600",5
"1521","6422",5
"1522","6571",5
"1523","69m2",5
"1524","7240",5
"1525","7573",5
"1526","78",5
"1527","7816",5
"1528","78m2",5
"1529","8808",5
"1530","9365",5
"1531","95",5
"1532","96",5
"1533","96m2",5
"1534","9767",5
"1535","a.v",5
"1536","accesible",5
"1537","alq",5
"1538","alquilamos",5
"1539","alquler",5
"1540","amenidades",5
"1541","amoblada",5
"1542","andres",5
"1543","aparatamento",5
"1544","ba",5
"1545","balcòn",5
"1546","barutaima",5
"1547","br",5
"1548","brokers",5
"1549","busca",5
"1550","cardona",5
"1551","cc",5
"1552","cerro",5
"1553","clte",5
"1554","codigo",5
"1555","conexión",5
"1556","consta",5
"1557","consultorio",5
"1558","corporativo",5
"1559","cuadra",5
"1560","cuadras",5
"1561","d",5
"1562","dan",5
"1563","definición",5
"1564","dejes",5
"1565","deposito",5
"1566","descubra",5
"1567","diplomáticos",5
"1568","dreidy",5
"1569","esparcimiento",5
"1570","exclusivos",5
"1571","extraordinaria",5
"1572","fresca",5
"1573","frescas",5
"1574","fé",5
"1575","gsd",5
"1576","hause",5
"1577","hermosas",5
"1578","humbolt",5
"1579","industrial",5
"1580","jdl",5
"1581","kh9",5
"1582","lpb",5
"1583","media",5
"1584","medio",5
"1585","mereces",5
"1586","minutos",5
"1587","montalbán",5
"1588","máximo",5
"1589","nr",5
"1590","partamento",5
"1591","pocos",5
"1592","portico",5
"1593","privilegiadas",5
"1594","publico",5
"1595","quebrada",5
"1596","revista",5
"1597","segura",5
"1598","semiequipado",5
"1599","solicitada",5
"1600","supermercados",5
"1601","techada",5
"1602","techado",5
"1603","torres",5
"1604","townhouse",5
"1605","ubicaciones",5
"1606","ubicada",5
"1607","united",5
"1608","urb.los",5
"1609","único",5
"1610","0",4
"1611","021",4
"1612","10155",4
"1613","101m2",4
"1614","105m2",4
"1615","10641",4
"1616","107",4
"1617","10725",4
"1618","108m2",4
"1619","11277",4
"1620","114",4
"1621","11470",4
"1622","115m2",4
"1623","11694",4
"1624","116m2",4
"1625","11838",4
"1626","118m2",4
"1627","122",4
"1628","12292",4
"1629","12603",4
"1630","12721",4
"1631","128",4
"1632","128m2",4
"1633","129m2",4
"1634","13116",4
"1635","13424",4
"1636","13550",4
"1637","13558",4
"1638","137m2",4
"1639","13813",4
"1640","13892",4
"1641","14076",4
"1642","14343",4
"1643","143mtrs2",4
"1644","144",4
"1645","1441",4
"1646","14555",4
"1647","14557",4
"1648","14619",4
"1649","14774",4
"1650","14995",4
"1651","15069",4
"1652","15083",4
"1653","15110",4
"1654","15113",4
"1655","15190",4
"1656","15196",4
"1657","15330",4
"1658","15354",4
"1659","15374",4
"1660","15484",4
"1661","15617",4
"1662","15653",4
"1663","15704",4
"1664","15892",4
"1665","160",4
"1666","16013",4
"1667","16128",4
"1668","16140",4
"1669","16161",4
"1670","16266",4
"1671","16621",4
"1672","16665",4
"1673","16698",4
"1674","16742",4
"1675","170",4
"1676","17222",4
"1677","17389",4
"1678","17486",4
"1679","17602",4
"1680","17692",4
"1681","17775",4
"1682","17906",4
"1683","17992",4
"1684","180",4
"1685","18227",4
"1686","18239",4
"1687","18470",4
"1688","19042",4
"1689","1n",4
"1690","2025",4
"1691","20461",4
"1692","206",4
"1693","244",4
"1694","24697",4
"1695","2657",4
"1696","2s",4
"1697","350m2",4
"1698","3702",4
"1699","3a",4
"1700","45m2",4
"1701","480",4
"1702","4924",4
"1703","52",4
"1704","5442",4
"1705","65m2",4
"1706","661",4
"1707","67m2",4
"1708","7048",4
"1709","7120",4
"1710","7471",4
"1711","800",4
"1712","83",4
"1713","8706",4
"1714","8742",4
"1715","8928",4
"1716","89m2",4
"1717","9274",4
"1718","ab",4
"1719","absoluta",4
"1720","ach",4
"1721","adm",4
"1722","ahora",4
"1723","alianza",4
"1724","alquile",4
"1725","altagracia",4
"1726","altos",4
"1727","ambiente",4
"1728","amoblar",4
"1729","apartameno",4
"1730","armadas",4
"1731","armonía",4
"1732","arrendamiento",4
"1733","banos",4
"1734","bernandino",4
"1735","blv",4
"1736","boulevard",4
"1737","calidez",4
"1738","carabobo",4
"1739","casco",4
"1740","ccs",4
"1741","cercanía",4
"1742","cita",4
"1743","combinación",4
"1744","const",4
"1745","contemporáneo",4
"1746","cómoda",4
"1747","dentro",4
"1748","departamento",4
"1749","distribucion",4
"1750","domotizado",4
"1751","ds",4
"1752","eduviges",4
"1753","electrodomésticos",4
"1754","embajadas",4
"1755","empresas",4
"1756","enla",4
"1757","entregar",4
"1758","ericka",4
"1759","esperando",4
"1760","estrategica",4
"1761","estudiantes",4
"1762","excelentemente",4
"1763","faldas",4
"1764","frescos",4
"1765","fuerzas",4
"1766","galerías",4
"1767","gertrudis",4
"1768","ggcd",4
"1769","gomez",4
"1770","h3",4
"1771","hace",4
"1772","hacer",4
"1773","iluminados",4
"1774","in",4
"1775","incluido",4
"1776","independientes",4
"1777","inigualable",4
"1778","inmobiliaria",4
"1779","integrada",4
"1780","inteligente",4
"1781","iv",4
"1782","jcr",4
"1783","je",4
"1784","kg",4
"1785","l38",4
"1786","lg",4
"1787","lib",4
"1788","linea",4
"1789","livy",4
"1790","llanito",4
"1791","lv",4
"1792","mag",4
"1793","magnifica",4
"1794","marino",4
"1795","marmol",4
"1796","mascotas",4
"1797","máxima",4
"1798","naturaleza",4
"1799","naturalmente",4
"1800","oasis",4
"1801","oficinas",4
"1802","ofrezco",4
"1803","onda",4
"1804","pagos",4
"1805","palo",4
"1806","parquet",4
"1807","partir",4
"1808","pasar",4
"1809","pequeño",4
"1810","personas",4
"1811","pie",4
"1812","placer",4
"1813","plantas",4
"1814","podrás",4
"1815","posee",4
"1816","presentamos",4
"1817","primer",4
"1818","profesionales",4
"1819","ramirez",4
"1820","remodelada",4
"1821","rl",4
"1822","ruido",4
"1823","sauna",4
"1824","secadora",4
"1825","seija",4
"1826","selene",4
"1827","semiamueblado",4
"1828","social",4
"1829","solución",4
"1830","suministro",4
"1831","superficie",4
"1832","temperada",4
"1833","tenis",4
"1834","toda",4
"1835","tolon",4
"1836","top",4
"1837","tráfico",4
"1838","urbana",4
"1839","urbina.t7m",4
"1840","vc",4
"1841","vendo",4
"1842","visitas",4
"1843","vm",4
"1844","yelixa",4
"1845","yr",4
"1846","1.100",3
"1847","10",3
"1848","101",3
"1849","102",3
"1850","102m2",3
"1851","10461",3
"1852","10583",3
"1853","106",3
"1854","10657",3
"1855","10978",3
"1856","111m2",3
"1857","112m2",3
"1858","11756",3
"1859","11784",3
"1860","117m2",3
"1861","119",3
"1862","11911",3
"1863","11994",3
"1864","119m2",3
"1865","12267",3
"1866","1234",3
"1867","124m2",3
"1868","125m2",3
"1869","126m2",3
"1870","127",3
"1871","12777",3
"1872","12984",3
"1873","130",3
"1874","13066",3
"1875","13076",3
"1876","13152",3
"1877","13352",3
"1878","13479",3
"1879","13482",3
"1880","13502",3
"1881","13530",3
"1882","13570",3
"1883","136",3
"1884","13601",3
"1885","13747",3
"1886","138",3
"1887","13887",3
"1888","13899",3
"1889","13922",3
"1890","13930",3
"1891","13988",3
"1892","14205",3
"1893","143mt2",3
"1894","14496",3
"1895","14574",3
"1896","14698",3
"1897","14699",3
"1898","14788",3
"1899","14811",3
"1900","148m2",3
"1901","15237",3
"1902","153m2",3
"1903","154",3
"1904","15415",3
"1905","15482",3
"1906","15562",3
"1907","15638",3
"1908","156m2",3
"1909","15736",3
"1910","15935",3
"1911","15m2",3
"1912","16016",3
"1913","16086",3
"1914","160mtrs",3
"1915","16206",3
"1916","16283",3
"1917","16287",3
"1918","16341",3
"1919","16342",3
"1920","16418",3
"1921","16453",3
"1922","16653",3
"1923","166m2",3
"1924","17",3
"1925","17099",3
"1926","17209",3
"1927","17295",3
"1928","17302",3
"1929","17329",3
"1930","17667",3
"1931","17760",3
"1932","17847",3
"1933","18003",3
"1934","18148",3
"1935","18251",3
"1936","18363",3
"1937","18422",3
"1938","18458",3
"1939","184m2",3
"1940","185",3
"1941","18531",3
"1942","18536",3
"1943","18541",3
"1944","19937",3
"1945","2.800",3
"1946","2026",3
"1947","210",3
"1948","21110",3
"1949","220",3
"1950","22716",3
"1951","230",3
"1952","231",3
"1953","23494",3
"1954","24304",3
"1955","250",3
"1956","250m2",3
"1957","2696",3
"1958","281",3
"1959","295",3
"1960","2bañ",3
"1961","35",3
"1962","363m2",3
"1963","3e",3
"1964","4.5b",3
"1965","40mts2",3
"1966","4611",3
"1967","4731",3
"1968","4749",3
"1969","500",3
"1970","53",3
"1971","54",3
"1972","550.00",3
"1973","5994",3
"1974","616762",3
"1975","62",3
"1976","62m2",3
"1977","6398",3
"1978","6429",3
"1979","650",3
"1980","66",3
"1981","66m2",3
"1982","68m2",3
"1983","6975",3
"1984","6b",3
"1985","709",3
"1986","72",3
"1987","7242",3
"1988","74",3
"1989","750",3
"1990","77",3
"1991","77m2",3
"1992","7881",3
"1993","79m2",3
"1994","8",3
"1995","84",3
"1996","85",3
"1997","900",3
"1998","91m2",3
"1999","92",3
"2000","9260",3
"2001","94m2",3
"2002","95m2",3
"2003","99",3
"2004","acepta",3
"2005","actualizada",3
"2006","adapta",3
"2007","ae",3
"2008","aguas",3
"2009","aires",3
"2010","alquiler.apartamento.los",3
"2011","alquillo",3
"2012","alqula",3
"2013","angiee",3
"2014","aparatmento",3
"2015","aparta",3
"2016","apartamentoen",3
"2017","apartamneto",3
"2018","apartmento",3
"2019","apartramento",3
"2020","aprovecha",3
"2021","arquitectura",3
"2022","asesora",3
"2023","auyantepuy",3
"2024","bancos",3
"2025","beatriz",3
"2026","buscabas",3
"2027","cercano",3
"2028","chacon",3
"2029","clinas",3
"2030","closet",3
"2031","clud",3
"2032","clásico",3
"2033","colegio",3
"2034","combine",3
"2035","completo",3
"2036","completos",3
"2037","comunicate",3
"2038","conjuntos",3
"2039","consulado",3
"2040","contacto",3
"2041","contrato",3
"2042","control",3
"2043","còmodo",3
"2044","cúspide",3
"2045","dama",3
"2046","decoración",3
"2047","decorado",3
"2048","descubrir",3
"2049","ejecutiva",3
"2050","emblemáticos",3
"2051","entorno",3
"2052","envidiable",3
"2053","esmeralda",3
"2054","esplendida",3
"2055","estac",3
"2056","estategicamente",3
"2057","estreno",3
"2058","eu",3
"2059","experiencia",3
"2060","extraordinario",3
"2061","fabulosa",3
"2062","familiar",3
"2063","family",3
"2064","franca",3
"2065","francesa",3
"2066","friendly",3
"2067","fuentes",3
"2068","fusionan",3
"2069","galería",3
"2070","garantizada",3
"2071","gas",3
"2072","gd",3
"2073","generación",3
"2074","gf",3
"2075","grados",3
"2076","guacay",3
"2077","guayabitos",3
"2078","gusta",3
"2079","guste",3
"2080","habitado",3
"2081","hoyer",3
"2082","ih6",3
"2083","increíbles",3
"2084","independencia",3
"2085","indicado",3
"2086","información",3
"2087","inmediata",3
"2088","inmediato",3
"2089","inmobinter",3
"2090","invito",3
"2091","jcrp",3
"2092","joya",3
"2093","juridica",3
"2094","juridico",3
"2095","jóvenes",3
"2096","keiber",3
"2097","kigd",3
"2098","kitchenette",3
"2099","kn",3
"2100","lab",3
"2101","lleno",3
"2102","llevar",3
"2103","luminosa",3
"2104","línea",3
"2105","madera",3
"2106","majestuosa",3
"2107","marquez",3
"2108","mary",3
"2109","mañana",3
"2110","mcpio",3
"2111","mim",3
"2112","mismo",3
"2113","modernas",3
"2114","monoambiente",3
"2115","montecristo",3
"2116","mrdg",3
"2117","mt",3
"2118","mucha",3
"2119","murano",3
"2120","myp",3
"2121","médico",3
"2122","múltiples",3
"2123","nacional",3
"2124","nuevos",3
"2125","obra",3
"2126","ofrecemos",3
"2127","og",3
"2128","optica",3
"2129","optimizar",3
"2130","p.e",3
"2131","pacheco",3
"2132","paisaje",3
"2133","panorama",3
"2134","parcial",3
"2135","pde",3
"2136","pdvsa",3
"2137","pequeñas",3
"2138","pet",3
"2139","pierdas",3
"2140","pinos",3
"2141","porcelanato",3
"2142","potencial",3
"2143","ppal",3
"2144","prestigio",3
"2145","privilegio",3
"2146","problema",3
"2147","puro",3
"2148","real",3
"2149","reciente",3
"2150","rental",3
"2151","requerimientos",3
"2152","rgn",3
"2153","rojas",3
"2154","salon",3
"2155","sanz",3
"2156","sergio",3
"2157","solarino",3
"2158","stm",3
"2159","sueño",3
"2160","sótano",3
"2161","techos",3
"2162","trabajo",3
"2163","trae",3
"2164","universidad",3
"2165","urb.la",3
"2166","urb.lomas",3
"2167","uribe",3
"2168","vanguardia",3
"2169","vanguardista",3
"2170","vc26",3
"2171","ventilación",3
"2172","vip",3
"2173","wd",3
"2174","yennief",3
"2175","yy",3
"2176","óptica",3
"2177","002",2
"2178","02",2
"2179","0399",2
"2180","0p",2
"2181","1,5b",2
"2182","1.150,00",2
"2183","1.300",2
"2184","1.450",2
"2185","10003",2
"2186","10078",2
"2187","1016",2
"2188","102m3",2
"2189","104",2
"2190","104m2",2
"2191","105",2
"2192","105m",2
"2193","105mts2",2
"2194","10681",2
"2195","10723",2
"2196","108",2
"2197","10867",2
"2198","10971",2
"2199","10983",2
"2200","10m2",2
"2201","11",2
"2202","11192",2
"2203","11290",2
"2204","11519",2
"2205","11532",2
"2206","117",2
"2207","11874",2
"2208","11906",2
"2209","11991",2
"2210","12050",2
"2211","12274",2
"2212","12288",2
"2213","12313",2
"2214","124",2
"2215","12412",2
"2216","12421",2
"2217","12439",2
"2218","1250",2
"2219","12581",2
"2220","126",2
"2221","12620",2
"2222","12655",2
"2223","126mts",2
"2224","12795",2
"2225","129",2
"2226","12943",2
"2227","12953s",2
"2228","12958",2
"2229","12994",2
"2230","13007",2
"2231","13296",2
"2232","134",2
"2233","13470",2
"2234","135",2
"2235","13643",2
"2236","13660",2
"2237","137",2
"2238","13792",2
"2239","13842",2
"2240","139",2
"2241","13940",2
"2242","13941s",2
"2243","13945s",2
"2244","13992",2
"2245","14042",2
"2246","14065s",2
"2247","14075",2
"2248","14100s",2
"2249","14129s",2
"2250","14192s",2
"2251","141m2",2
"2252","142",2
"2253","14207",2
"2254","14236",2
"2255","1436",2
"2256","14425s",2
"2257","14505",2
"2258","14661",2
"2259","14666s",2
"2260","14679",2
"2261","14812",2
"2262","149",2
"2263","149mts",2
"2264","15033",2
"2265","15062",2
"2266","15067",2
"2267","15086",2
"2268","1514",2
"2269","15261",2
"2270","15343",2
"2271","1543",2
"2272","15472",2
"2273","15607",2
"2274","15761",2
"2275","15793",2
"2276","158119rt",2
"2277","15888",2
"2278","15988",2
"2279","16",2
"2280","16493",2
"2281","16594",2
"2282","16644",2
"2283","16806",2
"2284","16878",2
"2285","16944",2
"2286","16953",2
"2287","16986",2
"2288","17098",2
"2289","17125",2
"2290","17135",2
"2291","17219",2
"2292","17254",2
"2293","173",2
"2294","17310",2
"2295","17351",2
"2296","17375",2
"2297","17605s",2
"2298","17611",2
"2299","17625s",2
"2300","17641",2
"2301","17656",2
"2302","17719",2
"2303","17727",2
"2304","17789",2
"2305","177m2",2
"2306","17834",2
"2307","17863",2
"2308","17902",2
"2309","17913",2
"2310","17997",2
"2311","18138",2
"2312","18208",2
"2313","18307",2
"2314","18310",2
"2315","18345",2
"2316","183m2",2
"2317","184",2
"2318","18563",2
"2319","185m2",2
"2320","186mtrs",2
"2321","19489",2
"2322","195m2",2
"2323","19829",2
"2324","19978",2
"2325","1bs",2
"2326","1hs",2
"2327","20249",2
"2328","207m2",2
"2329","21180",2
"2330","21335",2
"2331","217m2",2
"2332","2245",2
"2333","22463",2
"2334","225,55",2
"2335","225m2",2
"2336","22mar",2
"2337","232",2
"2338","240",2
"2339","24043",2
"2340","241",2
"2341","24276",2
"2342","2429",2
"2343","24502",2
"2344","245m2",2
"2345","24878",2
"2346","2522",2
"2347","260mts2",2
"2348","2611531",2
"2349","2612",2
"2350","2614960",2
"2351","2615002",2
"2352","2615179",2
"2353","2615609",2
"2354","2616973",2
"2355","2617689",2
"2356","2617912",2
"2357","2617930",2
"2358","270m2",2
"2359","2716",2
"2360","2736",2
"2361","280m2",2
"2362","281m2",2
"2363","295m2",2
"2364","29811",2
"2365","2h2b3p",2
"2366","2y1",2
"2367","3.000",2
"2368","30166",2
"2369","30m2",2
"2370","310",2
"2371","313837",2
"2372","316",2
"2373","316m2",2
"2374","330",2
"2375","331m2",2
"2376","338",2
"2377","351",2
"2378","35857",2
"2379","35m2",2
"2380","3939",2
"2381","394",2
"2382","396",2
"2383","39m2",2
"2384","3ba",2
"2385","3h2b",2
"2386","40",2
"2387","400",2
"2388","4120",2
"2389","420",2
"2390","430m2",2
"2391","450m",2
"2392","4545",2
"2393","4576",2
"2394","460",2
"2395","4712",2
"2396","4771",2
"2397","47m2",2
"2398","4803",2
"2399","4865",2
"2400","49",2
"2401","5.5b",2
"2402","50.000",2
"2403","500m2",2
"2404","5148",2
"2405","52m2",2
"2406","5305",2
"2407","54.60m2",2
"2408","5422",2
"2409","550m2",2
"2410","5521",2
"2411","55m2",2
"2412","55mts2",2
"2413","56",2
"2414","5742",2
"2415","5770",2
"2416","5838",2
"2417","5967",2
"2418","5cubiculos",2
"2419","6016",2
"2420","60m",2
"2421","611801",2
"2422","6213",2
"2423","6268",2
"2424","63",2
"2425","63,18",2
"2426","63m2",2
"2427","67",2
"2428","6855",2
"2429","6860",2
"2430","6979",2
"2431","6p",2
"2432","70.83m2",2
"2433","70m",2
"2434","71m2",2
"2435","7256",2
"2436","72m2",2
"2437","7309",2
"2438","7336",2
"2439","73m2",2
"2440","7473",2
"2441","7616",2
"2442","76m",2
"2443","7985",2
"2444","800m2",2
"2445","81",2
"2446","8159",2
"2447","81m2",2
"2448","82,44",2
"2449","82,44mts",2
"2450","82.44",2
"2451","82m2",2
"2452","83.07",2
"2453","8382",2
"2454","8441",2
"2455","8470",2
"2456","8537",2
"2457","8671",2
"2458","88",2
"2459","883",2
"2460","8847",2
"2461","8896",2
"2462","89",2
"2463","905",2
"2464","90mts2",2
"2465","91",2
"2466","9186",2
"2467","9214",2
"2468","9262",2
"2469","93,61",2
"2470","9601",2
"2471","9728",2
"2472","9778",2
"2473","9779",2
"2474","97m",2
"2475","97m2",2
"2476","98",2
"2477","980",2
"2478","9917",2
"2479","9973",2
"2480","a.p",2
"2481","abiertos",2
"2482","absoluto",2
"2483","acabado",2
"2484","aceptan",2
"2485","acj1",2
"2486","acogedora",2
"2487","acondicionados",2
"2488","af",2
"2489","agenda",2
"2490","alcance",2
"2491","alog",2
"2492","alquilarlo",2
"2493","alquiler.apartamento.el",2
"2494","alquiler.apartamento.lomas",2
"2495","alturas",2
"2496","alucinante",2
"2497","am15",2
"2498","amigos",2
"2499","amobado",2
"2500","amota",2
"2501","andrés",2
"2502","anexos",2
"2503","angeles",2
"2504","apaprtamento",2
"2505","aparamento",2
"2506","apartametno",2
"2507","aprox",2
"2508","aptos",2
"2509","aquiler",2
"2510","ariba",2
"2511","armonioso",2
"2512","artefactos",2
"2513","atención",2
"2514","atrium",2
"2515","auxiliar",2
"2516","avg",2
"2517","b3",2
"2518","bajá",2
"2519","bañ",2
"2520","best",2
"2521","bh",2
"2522","bienvenida",2
"2523","bomba",2
"2524","bondades",2
"2525","brinde",2
"2526","brisa",2
"2527","busques",2
"2528","cabina",2
"2529","cama",2
"2530","caminerías",2
"2531","campos",2
"2532","caricuao",2
"2533","carolina",2
"2534","centrica",2
"2535","centros",2
"2536","chacaíto",2
"2537","cima",2
"2538","claro",2
"2539","climatizado",2
"2540","closets",2
"2541","cm",2
"2542","comandancia",2
"2543","comerciales",2
"2544","comienzo",2
"2545","comoda",2
"2546","completa",2
"2547","conford",2
"2548","conj",2
"2549","conjugan",2
"2550","conservado",2
"2551","consultorios",2
"2552","continuo",2
"2553","convertirse",2
"2554","corazon",2
"2555","cortas",2
"2556","cortiz",2
"2557","cosmopolita",2
"2558","cotizadas",2
"2559","cotoperi",2
"2560","cr.el",2
"2561","cuidado",2
"2562","cumbre",2
"2563","cómodamente",2
"2564","damas",2
"2565","damos",2
"2566","decisión",2
"2567","decorar",2
"2568","definicion",2
"2569","demanda",2
"2570","demandada",2
"2571","descanso",2
"2572","desconectarte",2
"2573","descubierta",2
"2574","detalle",2
"2575","dia",2
"2576","diaria",2
"2577","diferentes",2
"2578","dimensiones",2
"2579","diplomatico",2
"2580","direto",2
"2581","docente",2
"2582","dormitorios",2
"2583","dp",2
"2584","dr",2
"2585","ec",2
"2586","ed",2
"2587","edivigis",2
"2588","eduviguis",2
"2589","eeuu",2
"2590","eficiencia",2
"2591","ejercitar",2
"2592","electricidad",2
"2593","elegantes",2
"2594","eléctricos",2
"2595","emblemático",2
"2596","empresarios",2
"2597","encantado26",2
"2598","encanto",2
"2599","encontraras",2
"2600","ensueño",2
"2601","entrada",2
"2602","entrega",2
"2603","epicentro",2
"2604","escondida",2
"2605","espaciosas",2
"2606","especial",2
"2607","espectacula",2
"2608","espectaculat",2
"2609","esposol",2
"2610","esquina",2
"2611","estación",2
"2612","estaconamiento",2
"2613","estadías",2
"2614","estatus",2
"2615","estratégicamente",2
"2616","estratégicas",2
"2617","estudiante",2
"2618","etc",2
"2619","evaluado",2
"2620","excelencia",2
"2621","expectativas",2
"2622","expendido",2
"2623","experimentar",2
"2624","extra",2
"2625","extranjeros",2
"2626","fc",2
"2627","forida",2
"2628","francia",2
"2629","funcionarios",2
"2630","g2h",2
"2631","gala",2
"2632","gandes",2
"2633","garantizados",2
"2634","gestión",2
"2635","gg",2
"2636","gourmet",2
"2637","grades",2
"2638","grandesa",2
"2639","grandioso",2
"2640","grandres",2
"2641","gris",2
"2642","grupo",2
"2643","gt",2
"2644","guairita",2
"2645","guardia",2
"2646","gustaría",2
"2647","habit",2
"2648","habitacional",2
"2649","habti",2
"2650","hacia",2
"2651","hacienda",2
"2652","hatillo.t7m",2
"2653","hr",2
"2654","huespedes",2
"2655","humboldt.el",2
"2656","ig",2
"2657","iglesia",2
"2658","impresionantes",2
"2659","incluyen",2
"2660","indi",2
"2661","inf",2
"2662","infinita",2
"2663","iniciando",2
"2664","inmobiliario",2
"2665","instalaciones",2
"2666","interior",2
"2667","interno",2
"2668","internos",2
"2669","italiana",2
"2670","italiano",2
"2671","jacinto",2
"2672","jacuzzi",2
"2673","jb",2
"2674","jl",2
"2675","jose",2
"2676","jp",2
"2677","junio",2
"2678","jurídico",2
"2679","justo",2
"2680","k.o",2
"2681","k8g",2
"2682","kb",2
"2683","kc.g",2
"2684","kmv",2
"2685","laguna",2
"2686","largo",2
"2687","lateral",2
"2688","lavandero",2
"2689","lb25",2
"2690","lcm",2
"2691","lesamo",2
"2692","lista",2
"2693","llama",2
"2694","llano",2
"2695","m6z",2
"2696","maleta",2
"2697","maquinas",2
"2698","mar",2
"2699","maracacuay",2
"2700","marias",2
"2701","martin",2
"2702","mascota",2
"2703","maxima",2
"2704","maximizar",2
"2705","mbf",2
"2706","mccg",2
"2707","mediante",2
"2708","mediona",2
"2709","mendoza",2
"2710","mes",2
"2711","meses",2
"2712","metro",2
"2713","metrobus",2
"2714","mfl2614364",2
"2715","mfl2616316",2
"2716","mfm",2
"2717","mls24",2
"2718","mo",2
"2719","moderna",2
"2720","modernos",2
"2721","mp6",2
"2722","mtrs",2
"2723","mudate",2
"2724","multiples",2
"2725","mv2616022",2
"2726","myl",2
"2727","mágico",2
"2728","n",2
"2729","natura",2
"2730","necesario",2
"2731","necesitas.urbanización",2
"2732","negocio",2
"2733","niños",2
"2734","norte.ks",2
"2735","nu",2
"2736","nunca",2
"2737","nv",2
"2738","ny",2
"2739","o7q",2
"2740","odontologico",2
"2741","odontólogos",2
"2742","optimizados",2
"2743","ov",2
"2744","p7l",2
"2745","palomera",2
"2746","panorámicas",2
"2747","pensada",2
"2748","pequeña",2
"2749","perfectas",2
"2750","perfectos",2
"2751","pineda",2
"2752","polo",2
"2753","posible",2
"2754","pp",2
"2755","premio",2
"2756","preocupaciones",2
"2757","presento",2
"2758","prestigioso",2
"2759","principales",2
"2760","priorizan",2
"2761","proyecto",2
"2762","próceres",2
"2763","publica",2
"2764","realmente",2
"2765","relajante",2
"2766","remanso",2
"2767","requiere",2
"2768","residence",2
"2769","residenciales",2
"2770","resort",2
"2771","respuesta",2
"2772","ress",2
"2773","restaurantes",2
"2774","romero",2
"2775","rosales",2
"2776","rr",2
"2777","ruiz",2
"2778","ruz0",2
"2779","rvz",2
"2780","salle",2
"2781","serenidad",2
"2782","sereno",2
"2783","servico",2
"2784","sofá",2
"2785","soñado",2
"2786","sta",2
"2787","suapure",2
"2788","sueños",2
"2789","sumamente",2
"2790","supera",2
"2791","sureste",2
"2792","svdb",2
"2793","t",2
"2794","tan",2
"2795","temporal",2
"2796","tennis",2
"2797","totales",2
"2798","tranquilad",2
"2799","triple",2
"2800","tríplex",2
"2801","uk",2
"2802","unimet",2
"2803","urb.el",2
"2804","usd",2
"2805","uso",2
"2806","varios",2
"2807","vega",2
"2808","verlo",2
"2809","vgi",2
"2810","visitante",2
"2811","vivienda",2
"2812","walk",2
"2813","whatsaap",2
"2814","whatsapp",2
"2815","wl",2
"2816","yb3",2
"2817","yeliva",2
"2818","yesenia",2
"2819","yg73",2
"2820","yg76",2
"2821","yr2614100",2
"2822","yr2614224",2
"2823","yr2616022",2
"2824","yr2616316",2
"2825","yr2617369",2
"2826","yr2618093",2
"2827","ys12613078",2
"2828","ys12613547",2
"2829","ys12615002",2
"2830","ys12615519",2
"2831","ys12615540",2
"2832","ys12615892",2
"2833","ys12616418",2
"2834","ys12618093",2
"2835","ys1267798",2
"2836","ó",2
"2837","última",2
"2838","0014",1
"2839","0035",1
"2840","0080",1
"2841","0096",1
"2842","0098",1
"2843","011",1
"2844","0135",1
"2845","0157",1
"2846","0187",1
"2847","0242",1
"2848","0282",1
"2849","0305",1
"2850","0318",1
"2851","0327",1
"2852","0351",1
"2853","0393",1
"2854","04",1
"2855","0425",1
"2856","0426",1
"2857","0427",1
"2858","0466",1
"2859","0503",1
"2860","0557",1
"2861","0570",1
"2862","0573",1
"2863","0606",1
"2864","0637",1
"2865","0680",1
"2866","0692",1
"2867","0784",1
"2868","08",1
"2869","0801",1
"2870","0807",1
"2871","0823",1
"2872","0856",1
"2873","0863",1
"2874","0908",1
"2875","0938",1
"2876","0966",1
"2877","0976",1
"2878","0989",1
"2879","0pe",1
"2880","1,500.00",1
"2881","1.200",1
"2882","1.250",1
"2883","1000m2",1
"2884","10013",1
"2885","10064",1
"2886","10095",1
"2887","100m",1
"2888","100mtrs",1
"2889","101,50",1
"2890","10156",1
"2891","1022",1
"2892","10244",1
"2893","103",1
"2894","10361",1
"2895","10376",1
"2896","103m2",1
"2897","104,50",1
"2898","10471",1
"2899","106m2",1
"2900","10720",1
"2901","1078",1
"2902","10783",1
"2903","107m2",1
"2904","1086",1
"2905","10939",1
"2906","10955",1
"2907","10994",1
"2908","10996",1
"2909","109m2",1
"2910","10h",1
"2911","11023",1
"2912","1105",1
"2913","11151",1
"2914","11158",1
"2915","11164",1
"2916","11168",1
"2917","11198",1
"2918","11234",1
"2919","1133",1
"2920","11355",1
"2921","11396",1
"2922","11409",1
"2923","11586",1
"2924","11631",1
"2925","11635",1
"2926","11645",1
"2927","11785",1
"2928","117m",1
"2929","117mts",1
"2930","118,00",1
"2931","118.70m2",1
"2932","11832",1
"2933","11907",1
"2934","11941",1
"2935","11968",1
"2936","1200",1
"2937","12003",1
"2938","12027",1
"2939","12083",1
"2940","121,42mtrs2",1
"2941","12101",1
"2942","12116",1
"2943","12158",1
"2944","121m2",1
"2945","122,00",1
"2946","12212",1
"2947","12223",1
"2948","12262",1
"2949","12277",1
"2950","122m2",1
"2951","123",1
"2952","12309",1
"2953","12315",1
"2954","1233",1
"2955","12333",1
"2956","12397",1
"2957","123mts",1
"2958","12456",1
"2959","12492",1
"2960","12495",1
"2961","124m",1
"2962","124mts2",1
"2963","125",1
"2964","1255",1
"2965","12564",1
"2966","12611784",1
"2967","1268537",1
"2968","127.54",1
"2969","12742",1
"2970","12787",1
"2971","12817",1
"2972","12817wm",1
"2973","12875",1
"2974","1289",1
"2975","12893",1
"2976","129,19",1
"2977","12947s",1
"2978","1296",1
"2979","12961",1
"2980","12min",1
"2981","13",1
"2982","13024",1
"2983","13025",1
"2984","13032",1
"2985","13069",1
"2986","131",1
"2987","13105s",1
"2988","1313",1
"2989","13146",1
"2990","1315",1
"2991","13168",1
"2992","1317",1
"2993","13252",1
"2994","13287",1
"2995","132m2",1
"2996","133",1
"2997","1332",1
"2998","13346yf",1
"2999","1339",1
"3000","133m2",1
"3001","13407",1
"3002","13433",1
"3003","13447",1
"3004","13496",1
"3005","13548",1
"3006","135m2",1
"3007","135mt2",1
"3008","136.67m2",1
"3009","13604",1
"3010","13612",1
"3011","13699",1
"3012","136m2",1
"3013","137m",1
"3014","137mts2",1
"3015","13842s",1
"3016","138m2",1
"3017","13904",1
"3018","13904s",1
"3019","13919",1
"3020","13930yf",1
"3021","13937",1
"3022","14018",1
"3023","14078s",1
"3024","14088",1
"3025","14098",1
"3026","140m",1
"3027","14116s",1
"3028","14119",1
"3029","14149s",1
"3030","14170s",1
"3031","14205s",1
"3032","14234",1
"3033","14252",1
"3034","14252s",1
"3035","14273s",1
"3036","14275",1
"3037","143.23",1
"3038","14308",1
"3039","14359s",1
"3040","1444",1
"3041","14440s",1
"3042","14469",1
"3043","144m2",1
"3044","14532",1
"3045","14585s",1
"3046","145mt2",1
"3047","146",1
"3048","14601",1
"3049","14669",1
"3050","14677s",1
"3051","147",1
"3052","14714",1
"3053","14725",1
"3054","14731s",1
"3055","14734s",1
"3056","14735",1
"3057","1475",1
"3058","14768",1
"3059","14798",1
"3060","147m2",1
"3061","148",1
"3062","14810s",1
"3063","14816",1
"3064","14875",1
"3065","1488",1
"3066","14885",1
"3067","14947",1
"3068","14960s",1
"3069","1498",1
"3070","14982",1
"3071","149m2",1
"3072","1500",1
"3073","15006",1
"3074","15007",1
"3075","15025",1
"3076","15035",1
"3077","15047yf",1
"3078","15048",1
"3079","15056",1
"3080","15057s",1
"3081","15097",1
"3082","151",1
"3083","15108",1
"3084","15111",1
"3085","1512",1
"3086","15120",1
"3087","15123",1
"3088","15135",1
"3089","15243",1
"3090","15276",1
"3091","15279",1
"3092","15288",1
"3093","152m2",1
"3094","15309",1
"3095","15339",1
"3096","1536",1
"3097","15377",1
"3098","153mts2",1
"3099","154.05",1
"3100","155",1
"3101","15540",1
"3102","15639",1
"3103","15641",1
"3104","15646",1
"3105","157",1
"3106","15752",1
"3107","158011or",1
"3108","158018kr",1
"3109","15802",1
"3110","158029",1
"3111","158038rt",1
"3112","158042mes",1
"3113","158084nr",1
"3114","158118rt",1
"3115","158127mes",1
"3116","158364",1
"3117","15898",1
"3118","159",1
"3119","15911",1
"3120","15973",1
"3121","15981",1
"3122","15mts2",1
"3123","16010",1
"3124","16014",1
"3125","16055",1
"3126","160m",1
"3127","16144",1
"3128","16149",1
"3129","162",1
"3130","16212",1
"3131","16213",1
"3132","1627",1
"3133","16326",1
"3134","16385",1
"3135","16428",1
"3136","16450",1
"3137","164m2",1
"3138","165",1
"3139","16560",1
"3140","1657",1
"3141","16571",1
"3142","16595",1
"3143","16616",1
"3144","1663",1
"3145","16647",1
"3146","16672",1
"3147","16723",1
"3148","16725",1
"3149","16853alquiler",1
"3150","16879",1
"3151","1690",1
"3152","16919",1
"3153","16920",1
"3154","16923",1
"3155","16949",1
"3156","16985",1
"3157","169m2",1
"3158","17008",1
"3159","170m",1
"3160","17134",1
"3161","17174",1
"3162","17207",1
"3163","17212",1
"3164","17227",1
"3165","17248",1
"3166","17276",1
"3167","172m2",1
"3168","17335",1
"3169","17369s",1
"3170","173m2",1
"3171","174",1
"3172","17403s",1
"3173","17433",1
"3174","17444",1
"3175","17447",1
"3176","17457s",1
"3177","17459s",1
"3178","1746",1
"3179","17479s",1
"3180","17482",1
"3181","17482s",1
"3182","17493s",1
"3183","17497",1
"3184","17508",1
"3185","17508s",1
"3186","17537",1
"3187","17538",1
"3188","17545",1
"3189","17578",1
"3190","17585",1
"3191","176",1
"3192","17612",1
"3193","17615",1
"3194","17626",1
"3195","17635",1
"3196","17643",1
"3197","17689s",1
"3198","176m",1
"3199","1771",1
"3200","17715",1
"3201","17716",1
"3202","1773",1
"3203","17736",1
"3204","1775",1
"3205","17762",1
"3206","1796",1
"3207","17999",1
"3208","179m",1
"3209","1800",1
"3210","18047",1
"3211","18060",1
"3212","18077",1
"3213","180m",1
"3214","18105",1
"3215","18133",1
"3216","18224",1
"3217","18320",1
"3218","1833",1
"3219","18333",1
"3220","18433",1
"3221","18461",1
"3222","18512",1
"3223","18545",1
"3224","18553",1
"3225","18567",1
"3226","18570",1
"3227","18580",1
"3228","18582",1
"3229","18584",1
"3230","18590",1
"3231","186",1
"3232","1863",1
"3233","1867",1
"3234","186m2",1
"3235","18800",1
"3236","188m",1
"3237","190",1
"3238","19002",1
"3239","190m2",1
"3240","191",1
"3241","192",1
"3242","192m2",1
"3243","19537",1
"3244","1985",1
"3245","198m",1
"3246","198m2",1
"3247","19917",1
"3248","1999",1
"3249","1av",1
"3250","1baño",1
"3251","1estac",1
"3252","1h1,5b",1
"3253","1h1.5b2p",1
"3254","1h21p",1
"3255","1habitacion",1
"3256","1maletero",1
"3257","1mes",1
"3258","2.200",1
"3259","2.300",1
"3260","200mts",1
"3261","2014",1
"3262","2017",1
"3263","2020",1
"3264","20373",1
"3265","203m2",1
"3266","204",1
"3267","20429",1
"3268","20471",1
"3269","2058",1
"3270","205m2",1
"3271","206m",1
"3272","206m2",1
"3273","207",1
"3274","20773",1
"3275","2084",1
"3276","20853",1
"3277","208m2",1
"3278","209",1
"3279","209m2",1
"3280","20m2",1
"3281","21",1
"3282","2109",1
"3283","210m2",1
"3284","21193",1
"3285","214m2",1
"3286","216",1
"3287","21655",1
"3288","21889",1
"3289","219",1
"3290","2191",1
"3291","2193",1
"3292","219m2",1
"3293","220m",1
"3294","222.50m2",1
"3295","22242",1
"3296","223m2",1
"3297","2253",1
"3298","225m",1
"3299","22709",1
"3300","2272",1
"3301","2287",1
"3302","229m2",1
"3303","23028",1
"3304","23088",1
"3305","2309",1
"3306","2316",1
"3307","232m2",1
"3308","2340",1
"3309","23639",1
"3310","240mts",1
"3311","24180",1
"3312","24197",1
"3313","241m",1
"3314","24289",1
"3315","243",1
"3316","24419",1
"3317","244m2",1
"3318","2458",1
"3319","2459",1
"3320","245m",1
"3321","246",1
"3322","2478",1
"3323","247m2",1
"3324","248m",1
"3325","2490",1
"3326","24948",1
"3327","24hrs",1
"3328","24x7",1
"3329","25087",1
"3330","2514423",1
"3331","2515",1
"3332","252m2",1
"3333","255m2",1
"3334","260",1
"3335","2608",1
"3336","261",1
"3337","2610839",1
"3338","261094",1
"3339","2611154",1
"3340","2611802",1
"3341","2611808",1
"3342","2612042",1
"3343","2612800",1
"3344","2613366",1
"3345","2614395",1
"3346","2614731",1
"3347","2614810",1
"3348","2614818",1
"3349","2614971",1
"3350","261562",1
"3351","2615621",1
"3352","2615661",1
"3353","2615696",1
"3354","2615907",1
"3355","2616026",1
"3356","2616071",1
"3357","2616164",1
"3358","2616165",1
"3359","2616202",1
"3360","261623",1
"3361","2616238",1
"3362","2616239",1
"3363","2616244",1
"3364","2616391",1
"3365","2616418",1
"3366","2616560",1
"3367","2616585",1
"3368","2616745",1
"3369","2616811",1
"3370","2616957",1
"3371","2617026",1
"3372","2617052",1
"3373","2617079",1
"3374","2617095",1
"3375","2617098",1
"3376","2617149",1
"3377","261719",1
"3378","2617208",1
"3379","2617217",1
"3380","2617238",1
"3381","2617244",1
"3382","2617302",1
"3383","2617307",1
"3384","2617334",1
"3385","2617357",1
"3386","2617359",1
"3387","2617457",1
"3388","2617459",1
"3389","2617682",1
"3390","2617687",1
"3391","2617760",1
"3392","2617763",1
"3393","2617777",1
"3394","2617785",1
"3395","2617791",1
"3396","2617811",1
"3397","2617839",1
"3398","2617864",1
"3399","2618025",1
"3400","2618126",1
"3401","2618170",1
"3402","2618223",1
"3403","2618316",1
"3404","2618483",1
"3405","262782",1
"3406","2635",1
"3407","264",1
"3408","2648",1
"3409","265",1
"3410","265064",1
"3411","266997",1
"3412","267816",1
"3413","2691",1
"3414","2692",1
"3415","269611",1
"3416","270",1
"3417","270m",1
"3418","2714",1
"3419","2717",1
"3420","2724",1
"3421","272m2",1
"3422","275",1
"3423","276.50mts2",1
"3424","2774",1
"3425","278",1
"3426","2782s",1
"3427","2784",1
"3428","2789",1
"3429","278mtrs",1
"3430","28",1
"3431","280",1
"3432","2806",1
"3433","2820",1
"3434","2829",1
"3435","282m2",1
"3436","2859",1
"3437","285m2",1
"3438","286m2",1
"3439","287139",1
"3440","2896",1
"3441","28971",1
"3442","290",1
"3443","2910",1
"3444","2922",1
"3445","2958",1
"3446","297m2",1
"3447","2999",1
"3448","2ba",1
"3449","2baño",1
"3450","2da",1
"3451","2h1b1p",1
"3452","2h2b1p",1
"3453","2h2b2p",1
"3454","2habitaciones",1
"3455","2m",1
"3456","2pt",1
"3457","2puestos",1
"3458","3.250",1
"3459","3.500",1
"3460","3.800",1
"3461","3062",1
"3462","309",1
"3463","312m2",1
"3464","3130",1
"3465","3134",1
"3466","3139",1
"3467","315",1
"3468","3164",1
"3469","3177",1
"3470","31790",1
"3471","318mts2",1
"3472","3190",1
"3473","3192",1
"3474","3199",1
"3475","32056",1
"3476","320m2",1
"3477","3214",1
"3478","323947",1
"3479","324m2",1
"3480","3251",1
"3481","3252",1
"3482","325m2",1
"3483","327m2",1
"3484","3285",1
"3485","3290",1
"3486","3298",1
"3487","332m2",1
"3488","3334",1
"3489","335m2",1
"3490","3396",1
"3491","345m2",1
"3492","346",1
"3493","3496",1
"3494","3497",1
"3495","350",1
"3496","3507",1
"3497","352",1
"3498","3523",1
"3499","3526",1
"3500","355",1
"3501","360m",1
"3502","3618",1
"3503","3625",1
"3504","3632",1
"3505","365m2",1
"3506","3699",1
"3507","3761",1
"3508","3771",1
"3509","3801",1
"3510","380m2",1
"3511","381,76mt2,5h",1
"3512","3824",1
"3513","383.55m2",1
"3514","385",1
"3515","3865",1
"3516","3868",1
"3517","38m2",1
"3518","39",1
"3519","390",1
"3520","3917",1
"3521","397m2",1
"3522","3baños",1
"3523","3era",1
"3524","3g",1
"3525","3h2b1p",1
"3526","3h3b2p",1
"3527","3ha",1
"3528","3m2",1
"3529","400m",1
"3530","400m2",1
"3531","4037",1
"3532","4043",1
"3533","4068",1
"3534","4096",1
"3535","4100",1
"3536","4105",1
"3537","4109",1
"3538","4185",1
"3539","42",1
"3540","4200",1
"3541","420m",1
"3542","4243",1
"3543","424m2",1
"3544","4258",1
"3545","42m2",1
"3546","42mts",1
"3547","432",1
"3548","4326",1
"3549","4337",1
"3550","4367",1
"3551","4381",1
"3552","4389",1
"3553","4392",1
"3554","4430",1
"3555","447m2",1
"3556","4497",1
"3557","4506",1
"3558","450m2",1
"3559","4533",1
"3560","4543",1
"3561","4547",1
"3562","4591",1
"3563","4650",1
"3564","4692",1
"3565","46m2",1
"3566","46mt2",1
"3567","4717",1
"3568","4745",1
"3569","4759",1
"3570","4781",1
"3571","4786",1
"3572","48",1
"3573","4804",1
"3574","4824",1
"3575","4847",1
"3576","485m2",1
"3577","4875",1
"3578","4880",1
"3579","4886",1
"3580","490",1
"3581","49m2",1
"3582","4m2",1
"3583","4ta",1
"3584","5.000",1
"3585","50,26",1
"3586","5013",1
"3587","5035",1
"3588","5055",1
"3589","5107",1
"3590","5115",1
"3591","5158",1
"3592","5201",1
"3593","520m2",1
"3594","5313",1
"3595","5353",1
"3596","5365",1
"3597","5499",1
"3598","55.08",1
"3599","55.50m2",1
"3600","5500",1
"3601","55m",1
"3602","56m",1
"3603","56mts2",1
"3604","5733",1
"3605","5799",1
"3606","5884",1
"3607","5886",1
"3608","59",1
"3609","5917",1
"3610","5953",1
"3611","59m2",1
"3612","60",1
"3613","60,5",1
"3614","60.39m2",1
"3615","600,00",1
"3616","6004",1
"3617","6005",1
"3618","600m2",1
"3619","6020",1
"3620","6023",1
"3621","6044",1
"3622","6071",1
"3623","6088",1
"3624","60mts",1
"3625","61",1
"3626","6116",1
"3627","6145",1
"3628","6165",1
"3629","61m2",1
"3630","6223",1
"3631","6245",1
"3632","6269",1
"3633","6312",1
"3634","6322",1
"3635","633",1
"3636","6364",1
"3637","64,58",1
"3638","64,58m2",1
"3639","642",1
"3640","6437",1
"3641","6461",1
"3642","6473",1
"3643","6475",1
"3644","6479",1
"3645","6505",1
"3646","650m2",1
"3647","6522",1
"3648","6573",1
"3649","6577",1
"3650","6587",1
"3651","65mts",1
"3652","66.14m2",1
"3653","6614",1
"3654","6647",1
"3655","67,68",1
"3656","670mt2",1
"3657","6736",1
"3658","6765",1
"3659","6767",1
"3660","6775",1
"3661","6777",1
"3662","68",1
"3663","6802",1
"3664","6823",1
"3665","68mts",1
"3666","6931",1
"3667","6936",1
"3668","70,83",1
"3669","7021",1
"3670","705",1
"3671","7052",1
"3672","707m",1
"3673","7111",1
"3674","7118",1
"3675","7130",1
"3676","7206",1
"3677","7224",1
"3678","7236",1
"3679","7241",1
"3680","7287",1
"3681","73",1
"3682","730",1
"3683","733",1
"3684","7357",1
"3685","738",1
"3686","7382",1
"3687","7389",1
"3688","74,77",1
"3689","74,86",1
"3690","7439",1
"3691","7446",1
"3692","747",1
"3693","7474",1
"3694","7482",1
"3695","74mts",1
"3696","75,54",1
"3697","7503",1
"3698","750m2",1
"3699","7518",1
"3700","7531",1
"3701","7538",1
"3702","7593",1
"3703","76",1
"3704","7619",1
"3705","7666",1
"3706","76m2",1
"3707","770",1
"3708","7731",1
"3709","7784",1
"3710","77m",1
"3711","780s",1
"3712","7839",1
"3713","7860",1
"3714","7889",1
"3715","78mts",1
"3716","7907",1
"3717","7934",1
"3718","7940",1
"3719","7943",1
"3720","7965",1
"3721","7ma",1
"3722","800.00",1
"3723","8030",1
"3724","8062",1
"3725","8071",1
"3726","8084",1
"3727","80mt2",1
"3728","80mts",1
"3729","8105",1
"3730","8182",1
"3731","82",1
"3732","8222",1
"3733","8327",1
"3734","8358",1
"3735","8369",1
"3736","83m2",1
"3737","8453",1
"3738","84mts2",1
"3739","850",1
"3740","850,00",1
"3741","8511",1
"3742","8524",1
"3743","8540",1
"3744","8553",1
"3745","8608",1
"3746","8614",1
"3747","8635",1
"3748","8637",1
"3749","8657",1
"3750","8676",1
"3751","86m2",1
"3752","8716",1
"3753","8730",1
"3754","8749",1
"3755","8758",1
"3756","87m",1
"3757","8831",1
"3758","8846",1
"3759","8852",1
"3760","8868",1
"3761","8877",1
"3762","8882",1
"3763","8892",1
"3764","88m2",1
"3765","89.55m2",1
"3766","89.5m2",1
"3767","8923",1
"3768","8955",1
"3769","8970",1
"3770","900.00",1
"3771","9051",1
"3772","9074",1
"3773","9088",1
"3774","90m",1
"3775","9113",1
"3776","9122",1
"3777","9148",1
"3778","9156",1
"3779","9170",1
"3780","9174",1
"3781","9183",1
"3782","9188",1
"3783","9212",1
"3784","9243",1
"3785","9246",1
"3786","9257",1
"3787","9272",1
"3788","9346",1
"3789","9368",1
"3790","9372",1
"3791","9378",1
"3792","93m2",1
"3793","94",1
"3794","9455",1
"3795","9476",1
"3796","9482",1
"3797","9492",1
"3798","9542",1
"3799","9558",1
"3800","9662",1
"3801","9674",1
"3802","9689",1
"3803","97",1
"3804","9706",1
"3805","9718",1
"3806","9780",1
"3807","9820",1
"3808","9824",1
"3809","9838",1
"3810","9839",1
"3811","9881",1
"3812","98m",1
"3813","9971",1
"3814","99m",1
"3815","99m2",1
"3816","9m2",1
"3817","abella2610338",1
"3818","abella268928",1
"3819","abierta",1
"3820","abtenerse",1
"3821","abundante",1
"3822","accesibilidad",1
"3823","acevedo",1
"3824","acropolis",1
"3825","actividad",1
"3826","actual",1
"3827","actualizados",1
"3828","actuallizado",1
"3829","adelantado",1
"3830","adelantados",1
"3831","ademas",1
"3832","adicional",1
"3833","adicionales",1
"3834","admin",1
"3835","agradables",1
"3836","ah",1
"3837","airbnb",1
"3838","alama",1
"3839","alaquiler",1
"3840","alatamira",1
"3841","alavarez",1
"3842","alejada",1
"3843","alejarse",1
"3844","alequiler",1
"3845","aliento",1
"3846","alojamiento",1
"3847","alquiiler",1
"3848","alquilado",1
"3849","alquilan",1
"3850","alquilaras",1
"3851","alquiler.anexo.horizonte",1
"3852","alquiler.apartamento",1
"3853","alquiler.apartamento.la",1
"3854","alquiler.colinas",1
"3855","alquilercon",1
"3856","alquilere",1
"3857","alquileres",1
"3858","alquilermontalban",1
"3859","alquilo.apto",1
"3860","alquuiler",1
"3861","altamente",1
"3862","altami",1
"3863","altozano",1
"3864","amangani",1
"3865","amantes",1
"3866","amblado",1
"3867","amblio",1
"3868","americ",1
"3869","ammoblado",1
"3870","amobaldo",1
"3871","amobla",1
"3872","américas",1
"3873","an",1
"3874","angela",1
"3875","anual",1
"3876","ao",1
"3877","aoto",1
"3878","aparcamiento",1
"3879","apartaemnto",1
"3880","apartaestudio",1
"3881","apartahotel",1
"3882","apartajmento",1
"3883","apartamemto",1
"3884","apartamen",1
"3885","apartament",1
"3886","apartamento.los",1
"3887","apartamentoenalquiler",1
"3888","apartamentoi",1
"3889","apartameto",1
"3890","apartamwnto",1
"3891","apartatamento",1
"3892","apartemento",1
"3893","apartment",1
"3894","apartosuite",1
"3895","aparttamento",1
"3896","appartamento",1
"3897","aprovechar",1
"3898","aprtamento",1
"3899","apto.remodelado",1
"3900","apártame",1
"3901","aqluilo",1
"3902","arcia",1
"3903","areasa",1
"3904","armonía.vigilancia",1
"3905","arq",1
"3906","arquitecto",1
"3907","arte",1
"3908","artigas",1
"3909","atm",1
"3910","atmósfera",1
"3911","aurea",1
"3912","autopista",1
"3913","auxiliar.calle",1
"3914","avda",1
"3915","avila.caracas",1
"3916","avila.edificio",1
"3917","avila.sal",1
"3918","aym",1
"3919","az",1
"3920","azucena",1
"3921","b2",1
"3922","b4",1
"3923","baa",1
"3924","bano",1
"3925","bar",1
"3926","barato",1
"3927","baruta.ym",1
"3928","baós",1
"3929","bbq",1
"3930","bcg",1
"3931","bcgc",1
"3932","belllo",1
"3933","belloo",1
"3934","bellooo",1
"3935","bellos",1
"3936","bellísima",1
"3937","bgc",1
"3938","bienes",1
"3939","bienestar",1
"3940","bienvenidos",1
"3941","binito",1
"3942","blancas",1
"3943","bombona",1
"3944","bpd",1
"3945","brindan",1
"3946","britanica",1
"3947","británica",1
"3948","bsoque",1
"3949","bteancourt",1
"3950","bullicio",1
"3951","buscando",1
"3952","bv",1
"3953","ca",1
"3954","caballero",1
"3955","cafetal26",1
"3956","cafés",1
"3957","caicaguana",1
"3958","calentador",1
"3959","calido",1
"3960","califonia",1
"3961","camina",1
"3962","caminios",1
"3963","campana",1
"3964","campera",1
"3965","can",1
"3966","cancha",1
"3967","caney",1
"3968","cano",1
"3969","canon:ref",1
"3970","canto",1
"3971","capiña",1
"3972","captador",1
"3973","caraca",1
"3974","caracas.edificio",1
"3975","caracter",1
"3976","caroni",1
"3977","carrillo",1
"3978","casalta",1
"3979","casas",1
"3980","castellana.caracas",1
"3981","castellanaa",1
"3982","castellanade",1
"3983","catedral",1
"3984","catia",1
"3985","cañada",1
"3986","cer",1
"3987","cercana",1
"3988","cercanias",1
"3989","cero",1
"3990","chacao.mfm",1
"3991","chacao___",1
"3992","chaconn",1
"3993","chaguaramo",1
"3994","charrallavito",1
"3995","chorro",1
"3996","chr",1
"3997","chs",1
"3998","chula",1
"3999","chulavita",1
"4000","churuata",1
"4001","cicpc",1
"4002","cinco",1
"4003","circunvalación",1
"4004","clase",1
"4005","classic",1
"4006","clinicas",1
"4007","cmd",1
"4008","cmdlt",1
"4009","cobos",1
"4010","coche",1
"4011","cocmedor",1
"4012","codg",1
"4013","coina",1
"4014","col",1
"4015","colegas",1
"4016","colinass",1
"4017","colnas",1
"4018","combinan",1
"4019","comercial.consta",1
"4020","comfort",1
"4021","comision",1
"4022","comodiades",1
"4023","comparten",1
"4024","compartir",1
"4025","completas",1
"4026","complicaciones",1
"4027","compre",1
"4028","comu",1
"4029","comunícate",1
"4030","común",1
"4031","concresa",1
"4032","conformado",1
"4033","confort.apartamento",1
"4034","conocerlo",1
"4035","constantemente",1
"4036","construcción",1
"4037","construido",1
"4038","consulados",1
"4039","consultario",1
"4040","contacto_inmobiliario_",1
"4041","contempo",1
"4042","contemporánea",1
"4043","continua",1
"4044","contratos",1
"4045","controlado",1
"4046","convertible",1
"4047","corazón.comodidad",1
"4048","corporativa",1
"4049","corta",1
"4050","cosa",1
"4051","costo",1
"4052","cota",1
"4053","cotactame",1
"4054","cp",1
"4055","csalad",1
"4056","cualquier",1
"4057","cubierta",1
"4058","cuesta",1
"4059","cuidad",1
"4060","cultural",1
"4061","cy",1
"4062","cálido",1
"4063","cómodas",1
"4064","d48",1
"4065","debello",1
"4066","dejara",1
"4067","deliciosa",1
"4068","dell",1
"4069","demandadas",1
"4070","demandades",1
"4071","dependencias",1
"4072","depósito",1
"4073","desarrolle",1
"4074","desconexión",1
"4075","descripción",1
"4076","deseadas",1
"4077","deseas",1
"4078","despachos",1
"4079","despierta",1
"4080","después",1
"4081","destechada",1
"4082","detras",1
"4083","detrás",1
"4084","dfarlys",1
"4085","dg",1
"4086","diagonal",1
"4087","dias",1
"4088","diplomatica",1
"4089","diplomaticos",1
"4090","diplomática",1
"4091","diplomáticos.colinas",1
"4092","direccto",1
"4093","directa",1
"4094","directivos",1
"4095","directomt",1
"4096","dirtecto",1
"4097","diseado",1
"4098","disfrita",1
"4099","disfrutat",1
"4100","disfrutde",1
"4101","disp",1
"4102","dispone",1
"4103","disponibles",1
"4104","distribuciòn",1
"4105","divina",1
"4106","doctor",1
"4107","domotica",1
"4108","doravila",1
"4109","dt",1
"4110","dtto",1
"4111","dual",1
"4112","duna",1
"4113","dz",1
"4114","días",1
"4115","dùplex",1
"4116","e1",1
"4117","eacampadero",1
"4118","eclusivo",1
"4119","económico",1
"4120","ecosistema",1
"4121","edific",1
"4122","edificación",1
"4123","edifico",1
"4124","ee.uu",1
"4125","een",1
"4126","elegant",1
"4127","eleh",1
"4128","elevan",1
"4129","elp",1
"4130","emi",1
"4131","eminence",1
"4132","en.alquiler",1
"4133","encantará",1
"4134","enchacao",1
"4135","encolinas",1
"4136","encontrar",1
"4137","encuentran",1
"4138","encuentras",1
"4139","ene",1
"4140","energía",1
"4141","enh",1
"4142","ensanta",1
"4143","epic",1
"4144","eq",1
"4145","equioado",1
"4146","equipad",1
"4147","equipado.amplias",1
"4148","equipado:terraza",1
"4149","equipadoalto",1
"4150","equipadomls",1
"4151","equipo",1
"4152","equipos",1
"4153","equipped",1
"4154","er",1
"4155","ermoso",1
"4156","esaa",1
"4157","escampaderos",1
"4158","escasa",1
"4159","esmeraldad",1
"4160","espaciosa",1
"4161","espectavular",1
"4162","espectcular",1
"4163","espectáculo",1
"4164","espetacular",1
"4165","estacion",1
"4166","estacionamie",1
"4167","estancia",1
"4168","estenar",1
"4169","estratgica",1
"4170","estratégica.transporte",1
"4171","estratégicos",1
"4172","estándar",1
"4173","eurobuilding",1
"4174","ex",1
"4175","excelnte",1
"4176","exclente",1
"4177","exclusia",1
"4178","executive",1
"4179","exelente",1
"4180","exigentes",1
"4181","exlusivo",1
"4182","expansión",1
"4183","expatriados",1
"4184","expectacular",1
"4185","experimenta",1
"4186","extensa",1
"4187","fabulos",1
"4188","fabulosas",1
"4189","facil",1
"4190","familiares",1
"4191","farmacias",1
"4192","farmatodo",1
"4193","favorito",1
"4194","fernanda",1
"4195","ferrequin",1
"4196","final",1
"4197","financiera",1
"4198","fl",1
"4199","flamboyant",1
"4200","fmg",1
"4201","frasco",1
"4202","frescura",1
"4203","fronda",1
"4204","frontal",1
"4205","fully",1
"4206","g.b",1
"4207","gabinetes",1
"4208","gabriel",1
"4209","galaxia",1
"4210","gallego",1
"4211","gama",1
"4212","ganadora",1
"4213","gante",1
"4214","garantiza",1
"4215","garcía",1
"4216","garden",1
"4217","garicia",1
"4218","gastos",1
"4219","gastronomía",1
"4220","geranios",1
"4221","gertudis",1
"4222","gimnasios",1
"4223","gioly",1
"4224","goreki",1
"4225","goza",1
"4226","gra",1
"4227","grandes.yv",1
"4228","grandesira",1
"4229","granjerías",1
"4230","gs",1
"4231","guacamayas",1
"4232","guadalupe",1
"4233","guillermo",1
"4234","gustaria",1
"4235","gustos",1
"4236","habiatciones",1
"4237","habitaion",1
"4238","hagas",1
"4239","hato",1
"4240","haz",1
"4241","hermos",1
"4242","hermosos",1
"4243","hill",1
"4244","histórico",1
"4245","hkg",1
"4246","hogar.lomas",1
"4247","honda",1
"4248","hora",1
"4249","horno",1
"4250","hoteles",1
"4251","hrs",1
"4252","hrs.seguridad",1
"4253","humbold",1
"4254","humbolht",1
"4255","ignacio",1
"4256","ih5",1
"4257","iliminado",1
"4258","ilumidado",1
"4259","iluminaci",1
"4260","iluminación.colinas",1
"4261","iluminadas",1
"4262","iluminoso",1
"4263","impactante",1
"4264","impecables",1
"4265","imponentes",1
"4266","importancia",1
"4267","importante",1
"4268","impresionante",1
"4269","incluye",1
"4270","incomparable",1
"4271","inconveniente",1
"4272","inconvenientes",1
"4273","incuye",1
"4274","india",1
"4275","indigo",1
"4276","infraestructura",1
"4277","inmenso",1
"4278","innovación",1
"4279","inolvidables",1
"4280","inspira",1
"4281","inspiración",1
"4282","inspire",1
"4283","insuperable",1
"4284","integrado",1
"4285","integrados",1
"4286","integral",1
"4287","inversión",1
"4288","io26",1
"4289","irradia",1
"4290","isla",1
"4291","italia",1
"4292","iubicado",1
"4293","ive",1
"4294","iz",1
"4295","jaiquelin",1
"4296","jam",1
"4297","jan",1
"4298","jcc",1
"4299","jcm",1
"4300","jefersson",1
"4301","jerfenson",1
"4302","jlp",1
"4303","josé",1
"4304","joven",1
"4305","jt",1
"4306","junquito",1
"4307","juridiccion",1
"4308","kavac",1
"4309","kitchenett",1
"4310","kl",1
"4311","l.mercedes",1
"4312","la.castellana",1
"4313","lavado",1
"4314","lbb",1
"4315","leandro",1
"4316","leer",1
"4317","lh",1
"4318","li",1
"4319","libni",1
"4320","libre",1
"4321","livita",1
"4322","ljl",1
"4323","lld26544",1
"4324","llega",1
"4325","llegan",1
"4326","llegues",1
"4327","lmaw",1
"4328","lms",1
"4329","logistica",1
"4330","loms",1
"4331","losmas",1
"4332","lprp",1
"4333","lts",1
"4334","lu",1
"4335","lub",1
"4336","luminado",1
"4337","luxe",1
"4338","m02",1
"4339","madrices",1
"4340","magali",1
"4341","magestuoso",1
"4342","maggi",1
"4343","magifico",1
"4344","magina",1
"4345","malabares",1
"4346","maltero",1
"4347","mam",1
"4348","mangos",1
"4349","mano",1
"4350","manzano",1
"4351","maravillas",1
"4352","maravillosas",1
"4353","maraviloso",1
"4354","marfil",1
"4355","margot",1
"4356","mariperez",1
"4357","maripérez",1
"4358","marlon",1
"4359","marta",1
"4360","martín",1
"4361","maximiza",1
"4362","mayor",1
"4363","mch",1
"4364","mecedores",1
"4365","medico",1
"4366","medirien3",1
"4367","megv",1
"4368","mei",1
"4369","menos",1
"4370","mensualidad",1
"4371","mercado",1
"4372","mercancía",1
"4373","merceces",1
"4374","mercerdes",1
"4375","merlot",1
"4376","meseta",1
"4377","metraje",1
"4378","metrobús",1
"4379","metropolitan",1
"4380","metros2",1
"4381","mfl2612590",1
"4382","mfl2612661",1
"4383","mfl2615179",1
"4384","mfl2615696",1
"4385","mfl2617026",1
"4386","mgg",1
"4387","mgr",1
"4388","mh",1
"4389","milthonhouse53",1
"4390","minimalistico",1
"4391","mirar",1
"4392","modelo",1
"4393","modernizada",1
"4394","momentos",1
"4395","montalbàn",1
"4396","montañoso",1
"4397","moro",1
"4398","move",1
"4399","mprp",1
"4400","msx5",1
"4401","muchomás",1
"4402","multiniveles",1
"4403","muralla",1
"4404","mv2615179",1
"4405","mv2616583",1
"4406","mvg",1
"4407","my",1
"4408","márques",1
"4409","márquez",1
"4410","mònica",1
"4411","múdate",1
"4412","narajos",1
"4413","naranjoss",1
"4414","necesita",1
"4415","necesite",1
"4416","negociablw",1
"4417","negociación",1
"4418","negociemos",1
"4419","ngrp",1
"4420","ninguno",1
"4421","njos",1
"4422","noir",1
"4423","noreste",1
"4424","norten",1
"4425","np25",1
"4426","ob023",1
"4427","oeste",1
"4428","oferta",1
"4429","ong",1
"4430","oo",1
"4431","opcion",1
"4432","operativa",1
"4433","oportuinidad",1
"4434","optimizada",1
"4435","original",1
"4436","oro",1
"4437","p.alta",1
"4438","p.b",1
"4439","paez",1
"4440","palace",1
"4441","palis",1
"4442","panaderias",1
"4443","panadería",1
"4444","panoràmica",1
"4445","panorá",1
"4446","panteón",1
"4447","paolos",1
"4448","parada",1
"4449","paramo",1
"4450","parking",1
"4451","parmalat",1
"4452","parquecarabobo",1
"4453","parrilleras",1
"4454","pastran",1
"4455","pata",1
"4456","patrimonio",1
"4457","paúl",1
"4458","pen",1
"4459","pensado",1
"4460","pent.house",1
"4461","penthause",1
"4462","penthpuse",1
"4463","penthuose",1
"4464","perfíl",1
"4465","periodos",1
"4466","permanente",1
"4467","permanentemente",1
"4468","personalizada",1
"4469","peru",1
"4470","perú",1
"4471","pestana",1
"4472","petroleras",1
"4473","peñon",1
"4474","pi",1
"4475","pide",1
"4476","piedras",1
"4477","pinot",1
"4478","pintado",1
"4479","pisicina",1
"4480","platanal",1
"4481","plazas",1
"4482","plazo",1
"4483","plnata",1
"4484","plus",1
"4485","pocas",1
"4486","podrá",1
"4487","polideportivo",1
"4488","poseer",1
"4489","posibilidad",1
"4490","posiciona",1
"4491","preocuparte",1
"4492","preparado",1
"4493","prestigiosos",1
"4494","prestijiosa",1
"4495","prinipal",1
"4496","privilegiado",1
"4497","profundo",1
"4498","propietario",1
"4499","protagonistas",1
"4500","pto",1
"4501","pu",1
"4502","pueblo",1
"4503","puede",1
"4504","puerta",1
"4505","punto",1
"4506","pura",1
"4507","páez",1
"4508","pájaros",1
"4509","pùesto",1
"4510","público.vista",1
"4511","qr",1
"4512","queda",1
"4513","queridos",1
"4514","quiroga",1
"4515","rahl",1
"4516","rahml",1
"4517","rahml____",1
"4518","ravv",1
"4519","raíces",1
"4520","rd26",1
"4521","ready",1
"4522","rebajado",1
"4523","recamaras",1
"4524","recibido",1
"4525","recibirte",1
"4526","recientemente",1
"4527","reconocido",1
"4528","recreacionales",1
"4529","recreativas",1
"4530","redefine",1
"4531","redoma",1
"4532","ref1100",1
"4533","referencia",1
"4534","refinado",1
"4535","refleja",1
"4536","remodelados",1
"4537","renombrado",1
"4538","renta",1
"4539","rentahouse",1
"4540","representa",1
"4541","resd.oasis",1
"4542","restaurante",1
"4543","rh",1
"4544","rincn",1
"4545","rodea",1
"4546","room",1
"4547","roosevelt",1
"4548","rosalia",1
"4549","rosalía",1
"4550","ròmulo",1
"4551","rústico",1
"4552","saa",1
"4553","sabucán",1
"4554","salida",1
"4555","salones",1
"4556","saman",1
"4557","secundaria",1
"4558","segura.casa",1
"4559","seguros",1
"4560","semestral",1
"4561","seres",1
"4562","seven",1
"4563","sf",1
"4564","sguridad",1
"4565","shorrumg",1
"4566","showroom",1
"4567","siempre",1
"4568","sientas",1
"4569","silencio",1
"4570","silencioso",1
"4571","simplemente",1
"4572","simplifique",1
"4573","sl",1
"4574","sobrio",1
"4575","sofistcado",1
"4576","sofisticado",1
"4577","sofía",1
"4578","solas",1
"4579","solicitadas",1
"4580","solteras",1
"4581","soltero",1
"4582","soñaste",1
"4583","ss12097",1
"4584","sta.fe",1
"4585","style",1
"4586","sube",1
"4587","sui",1
"4588","suit",1
"4589","supermercado",1
"4590","supervision",1
"4591","sólida",1
"4592","sólo",1
"4593","t31m2",1
"4594","tananaco",1
"4595","tanques",1
"4596","terr",1
"4597","terracita",1
"4598","terrazasdel",1
"4599","tf",1
"4600","tgr",1
"4601","tochon",1
"4602","tohona",1
"4603","topé",1
"4604","totalemte",1
"4605","totón",1
"4606","traemos",1
"4607","traer",1
"4608","traigo",1
"4609","tranquil",1
"4610","transnacionales",1
"4611","transportes",1
"4612","transversal",1
"4613","trayectoria",1
"4614","tt",1
"4615","tza",1
"4616","u",1
"4617","ubicacin",1
"4618","ud",1
"4619","ultima",1
"4620","une",1
"4621","unicentro",1
"4622","unico",1
"4623","unidos",1
"4624","urb.clnas",1
"4625","urb.colinas",1
"4626","urb.guaicay",1
"4627","urb.santa",1
"4628","urbanismos",1
"4629","urrbina",1
"4630","usm",1
"4631","usos",1
"4632","valles",1
"4633","vam",1
"4634","ven",1
"4635","venezolano",1
"4636","ventanales",1
"4637","versátil",1
"4638","vez",1
"4639","vhmogo",1
"4640","via",1
"4641","vibrantes",1
"4642","victoria",1
"4643","viejo",1
"4644","vigil",1
"4645","vigilanc",1
"4646","vigilancia24",1
"4647","villanueva",1
"4648","viscaya",1
"4649","visita",1
"4650","visitarlo",1
"4651","vistalavila",1
"4652","vistalparque",1
"4653","vistavila",1
"4654","vitsa",1
"4655","vizacaya",1
"4656","volumen",1
"4657","vp26",1
"4658","vías",1
"4659","ws",1
"4660","xy23",1
"4661","yb10",1
"4662","yb11",1
"4663","yc",1
"4664","yp.t03g",1
"4665","yr2613140",1
"4666","yr2613290",1
"4667","yr2615274",1
"4668","yr2616483",1
"4669","yr2616502",1
"4670","yr2616513",1
"4671","yr2616913",1
"4672","yr2618339",1
"4673","ys12611154",1
"4674","ys12611277",1
"4675","ys12613572",1
"4676","ys12614359",1
"4677","ys12615154",1
"4678","ys12616502",1
"4679","ys12617217",1
"4680","ys12617755",1
"4681","ys12617781",1
"4682","ys12617851",1
"4683","ys12618560",1
"4684","ys1265064",1
"4685","ys126780",1
"4686","yv",1
"4687","zs",1
"4688","únicamente",1
