municipios,url_municipio,zona_raw,zona_clean,url_zona,indice_vuelta_municipio,cantidad_publicaciones_zona,cantidad_vueltas_zona_sub,titulo,precio,datos,location,url_publicacion,indice_vuelta_zona,indice_vuelta_zona_sub
Caracas - Baruta (central),https://listado.mercadolibre.com.ve/inmuebles/apartamentos/alquiler/distrito-capital/caracas---baruta-central/_FiltersAvailableSidebar?filter=neighborhood,Cerro Verde,cerro-verde,cerro-verde,1,5,1,"Alquiler Apartamento, Cerro Verde, Calle Cerrada Con Vigilancia, 108, Mts, 1000$",US$1.000,"3 habitaciones
2 baños
108 m² cubiertos","Cerro Verde, Caracas, Cerro Verde, Caracas - Baruta (central), Distrito Capital",https://apartamento.mercadolibre.com.ve/MLV-775453087-alquiler-apartamento-cerro-verde-calle-cerrada-con-vigilancia-108-mts-1000-_JM#polycard_client=search-desktop&be_origin=backend&search_layout=grid&position=1&type=item&tracking_id=2d5da8cd-aa28-473d-8481-ef4c6add9b38&price_drop=not_apply,1,1
Caracas - Baruta (central),https://listado.mercadolibre.com.ve/inmuebles/apartamentos/alquiler/distrito-capital/caracas---baruta-central/_FiltersAvailableSidebar?filter=neighborhood,Cerro Verde,cerro-verde,cerro-verde,1,5,1,K.f Acogedor Apartamento En Alquiler Cerro Verde #26-18531,US$1.000,"3 habitaciones
2 baños
108 m² cubiertos","Cerro Verde, Caracas, Cerro Verde, Caracas - Baruta (central), Distrito Capital",https://apartamento.mercadolibre.com.ve/MLV-1008580298-kf-acogedor-apartamento-en-alquiler-cerro-verde-26-18531-_JM#polycard_client=search-desktop&be_origin=backend&search_layout=grid&position=2&type=item&tracking_id=2d5da8cd-aa28-473d-8481-ef4c6add9b38&price_drop=not_apply,1,1
Caracas - Baruta (central),https://listado.mercadolibre.com.ve/inmuebles/apartamentos/alquiler/distrito-capital/caracas---baruta-central/_FiltersAvailableSidebar?filter=neighborhood,Cerro Verde,cerro-verde,cerro-verde,1,5,1,Bello Y Cómodo Apartamento En Alquiler Ubicado En Los Naranjos Humbolt Cod 26-17762 Myp,US$750,"2 habitaciones
2 baños
65 m² cubiertos","Lomas Del Sol, Caracas, Cerro Verde, Caracas - Baruta (central), Distrito Capital",https://apartamento.mercadolibre.com.ve/MLV-1005585572-bello-y-comodo-apartamento-en-alquiler-ubicado-en-los-naranjos-humbolt-cod-26-17762-myp-_JM#polycard_client=search-desktop&be_origin=backend&search_layout=grid&position=3&type=item&tracking_id=2d5da8cd-aa28-473d-8481-ef4c6add9b38&price_drop=not_apply,1,1
Caracas - Baruta (central),https://listado.mercadolibre.com.ve/inmuebles/apartamentos/alquiler/distrito-capital/caracas---baruta-central/_FiltersAvailableSidebar?filter=neighborhood,Cerro Verde,cerro-verde,cerro-verde,1,5,1,Apartamento En Alquiler En Cerro Verde Ana Perez 26-18531,US$1.000,"3 habitaciones
2 baños
108 m² cubiertos","Cerro Verde, Caracas, Cerro Verde, Caracas - Baruta (central), Distrito Capital",https://apartamento.mercadolibre.com.ve/MLV-775668003-apartamento-en-alquiler-en-cerro-verde-ana-perez-26-18531-_JM#polycard_client=search-desktop&be_origin=backend&search_layout=grid&position=4&type=item&tracking_id=2d5da8cd-aa28-473d-8481-ef4c6add9b38&price_drop=not_apply,1,1
Caracas - Baruta (central),https://listado.mercadolibre.com.ve/inmuebles/apartamentos/alquiler/distrito-capital/caracas---baruta-central/_FiltersAvailableSidebar?filter=neighborhood,Cerro Verde,cerro-verde,cerro-verde,1,5,1,"Apartamento En Alquiler En Cerro Verde, Distrito Metropolitano Ft 26-18531",US$1.000,"3 habitaciones
2 baños
108 m² cubiertos","Cerro Verde, Caracas, Cerro Verde, Caracas - Baruta (central), Distrito Capital",https://apartamento.mercadolibre.com.ve/MLV-775645037-apartamento-en-alquiler-en-cerro-verde-distrito-metropolitano-ft-26-18531-_JM#polycard_client=search-desktop&be_origin=backend&search_layout=grid&position=5&type=item&tracking_id=2d5da8cd-aa28-473d-8481-ef4c6add9b38&price_drop=not_apply,1,1
